snomed,opcs,opcs_term
25316003,C456,C45.6 Destruction of lesion of cornea NEC
426580006,C799,C79.9 Unspecified operations on vitreous body
397112000,C452,C45.2 Excision of lesion of cornea NEC
231748003,C738,C73.8 Other specified incision of capsule of lens
450698009,C832,C83.2 Macular translocation three hundred and sixty degrees
446862000,C722,C72.2 Suction extraction of lens
9137006,C742,C74.2 Discission of cataract
205336009,C012,C01.2 Enucleation of eye
397539000,C811,C81.1 Xenon photocoagulation of retina for detachment
61779007,C042,C04.2 Revision of prosthetic replacement for eyeball
40997008,C532,C53.2 Excision of lesion of sclera NEC
416100002,C662,C66.2 Cauterisation of ciliary body
82027008,C604,C60.4 Iridoplasty NEC
113113000,Y973,Y97.3 Radiology with post contrast
172460005,C558,C55.8 Other specified incision of sclera
6005008,Y015,Y01.5 Alloreplacement of organ from cadaver heart non-beating NOC
363115007,Y319,Y31.9 Unspecified exploration of organ NOC
231747008,C731,C73.1 Membranectomy of lens
426580006,C798,C79.8 Other specified operations on vitreous body
172565003,C881,C88.1 Transpupillary thermotherapy to subretinal lesion
45102007,Y264,Y26.4 Removal of other repair material from organ NOC
45031008,Y102,Y10.2 Electrocauterisation of organ NOC
87021001,C796,C79.6 Internal tamponade of retina using liquid
426056001,C522,C52.2 Deep sclerectomy without spacer
9137006,C751,C75.1 Insertion of prosthetic replacement for lens NEC
17606004,C521,C52.1 Deep sclerectomy with spacer
47130006,C403,C40.3 Sliding graft to conjunctiva
397539000,C821,C82.1 Cauterisation of lesion of retina
7898005,C822,C82.2 Cryotherapy to lesion of retina
450698009,C818,C81.8 Other specified photocoagulation of retina for detachment
43334009,C691,C69.1 Reformation of anterior chamber of eye
231764006,C823,C82.3 External beam radiotherapy to lesion of retina
879785009,Y409,Y40.9 Unspecified dilation of organ NOC
446938009,C843,C84.3 Biopsy of lesion of retina
310558000,C841,C84.1 Epiretinal dissection
265289002,C592,C59.2 Surgical iridectomy
35717002,C751,C75.1 Insertion of prosthetic replacement for lens NEC
371348009,C623,C62.3 Laser iridotomy
35552007,C481,C48.1 Surgical removal of foreign body from cornea
336651000,C743,C74.3 Mechanical lensectomy
386607008,C623,C62.3 Laser iridotomy
231775005,C823,C82.3 External beam radiotherapy to lesion of retina
50538003,C647,C64.7 Insertion of iris hooks
8920006,C819,C81.9 Unspecified photocoagulation of retina for detachment
85785001,C732,C73.2 Capsulotomy of anterior lens capsule
700373001,Y269,Y26.9 Unspecified other repair of organ NOC
295850006,C604,C60.4 Iridoplasty NEC
22768003,Y259,Y25.9 Unspecified suture of organ NOC
172538005,C647,C64.7 Insertion of iris hooks
20019002,C438,C43.8 Other specified other operations on conjunctiva
32788008,Y021,Y02.1 Implantation of prosthesis into organ NOC
425797007,C889,C88.9 Unspecified destruction of subretinal lesion
120114008,C471,C47.1 Suture of cornea
418170009,Y082,Y08.2 Laser excision of lesion of organ NOC
82027008,C592,C59.2 Surgical iridectomy
75170007,C743,C74.3 Mechanical lensectomy
172524003,C721,C72.1 Forceps extraction of lens
446548003,C732,C73.2 Capsulotomy of anterior lens capsule
172469006,C574,C57.4 Suture of sclera
17606004,C532,C53.2 Excision of lesion of sclera NEC
172485001,C611,C61.1 Laser trabeculoplasty
40899005,Y131,Y13.1 Cauterisation of lesion of organ NOC
360411008,C774,C77.4 Surgical removal of foreign body from lens
72199008,Y299,Y29.9 Unspecified removal of foreign body from organ NOC
108156003,C868,C86.8 Other specified other operations on eye
15915007,C882,C88.2 Photodynamic therapy to subretinal lesion
401306006,C751,C75.1 Insertion of prosthetic replacement for lens NEC
446490007,C754,C75.4 Insertion of prosthetic replacement for lens using suture fixation
84077007,C574,C57.4 Suture of sclera
203644001,C554,C55.4 Expansion of sclera
35717002,C742,C74.2 Discission of cataract
363115007,Y311,Y31.1 Exploration of sinus track from organ NOC
397537003,C664,C66.4 Laser photocoagulation of ciliary body
438490000,C608,C60.8 Other specified filtering operations on iris
231744001,C713,C71.3 Aspiration of lens
231766008,C855,C85.5 Retinopexy NEC
9754005,C401,C40.1 Mucosal graft to conjunctiva
450698009,C822,C82.2 Cryotherapy to lesion of retina
41515001,C881,C88.1 Transpupillary thermotherapy to subretinal lesion
397521009,U216,U21.6 Ultrasound scan NEC
450698009,C859,C85.9 Unspecified fixation of retina
231737005,X656,X65.6 Delivery of a fraction of intraluminal brachytherapy
172529008,C732,C73.2 Capsulotomy of anterior lens capsule
41496004,Y985,Y98.5 Radiology of > 4 body areas (or > 40 minutes)
231775005,C821,C82.1 Cauterisation of lesion of retina
386607008,C621,C62.1 Iridosclerotomy
172525002,C723,C72.3 Cryoextraction of lens
172532006,C732,C73.2 Capsulotomy of anterior lens capsule
450698009,C548,C54.8 Other specified buckling operations for attachment of retina
35009002,C822,C82.2 Cryotherapy to lesion of retina
68999001,C818,C81.8 Other specified photocoagulation of retina for detachment
66359001,C728,C72.8 Other specified intracapsular extraction of lens
265295001,C776,C77.6 Insertion of capsule tension ring
80806006,C545,C54.5 Buckling of sclera NEC
86948006,C828,C82.8 Other specified destruction of lesion of retina
35552007,C471,C47.1 Suture of cornea
450698009,C846,C84.6 Retinotomy NEC
172571009,C802,C80.2 Peel of internal limiting membrane
41496004,Z199,Z19.9 Eye NEC
172523009,C728,C72.8 Other specified intracapsular extraction of lens
446279000,C456,C45.6 Destruction of lesion of cornea NEC
80000004,Y131,Y13.1 Cauterisation of lesion of organ NOC
363115007,Y318,Y31.8 Other specified exploration of organ NOC
35552007,C488,C48.8 Other specified removal of foreign body from cornea
401306006,C647,C64.7 Insertion of iris hooks
76824005,C405,C40.5 Suture of conjunctiva
112970003,C848,C84.8 Other specified other operations on retina
231737005,X658,X65.8 Other specified radiotherapy delivery
85785001,C731,C73.1 Membranectomy of lens
113113000,Y983,Y98.3 Radiology of three body areas (or 20-40 minutes)
314133005,C648,C64.8 Other specified other operations on iris
172532006,C733,C73.3 Capsulotomy of posterior lens capsule
65812008,C719,C71.9 Unspecified extracapsular extraction of lens
172385000,C394,C39.4 Curettage of lesion of conjunctiva
51081001,Y131,Y13.1 Cauterisation of lesion of organ NOC
19320007,Y139,Y13.9 Unspecified other destruction of lesion of organ NOC
426926007,C437,C43.7 Transplantation of conjunctiva
75227000,C718,C71.8 Other specified extracapsular extraction of lens
445023004,C645,C64.5 Removal of foreign body from iris
446490007,C751,C75.1 Insertion of prosthetic replacement for lens NEC
40833009,Y085,Y08.5 Laser modification of organ NOC
65812008,C711,C71.1 Simple linear extraction of lens
700373001,Y268,Y26.8 Other specified other repair of organ NOC
48507008,Y258,Y25.8 Other specified suture of organ NOC
8920006,C843,C84.3 Biopsy of lesion of retina
54085006,C579,C57.9 Unspecified other operations on sclera
172532006,C738,C73.8 Other specified incision of capsule of lens
386607008,C629,C62.9 Unspecified incision of iris
427478009,C878,C87.8 Other specified evaluation of retina
25316003,C455,C45.5 Radiotherapy to lesion of cornea
83202004,Y262,Y26.2 Plastic repair of organ NOC
231747008,C733,C73.3 Capsulotomy of posterior lens capsule
440578004,C821,C82.1 Cauterisation of lesion of retina
172389006,C401,C40.1 Mucosal graft to conjunctiva
112962008,C471,C47.1 Suture of cornea
427387001,C796,C79.6 Internal tamponade of retina using liquid
231747008,C732,C73.2 Capsulotomy of anterior lens capsule
75792002,Y019,Y01.9 Unspecified replacement of organ NOC
265295001,C751,C75.1 Insertion of prosthetic replacement for lens NEC
65812008,C721,C72.1 Forceps extraction of lens
231785006,C842,C84.2 Excision of lesion of retina NEC
241037002,Z199,Z19.9 Eye NEC
446548003,C734,C73.4 Capsulotomy of lens NEC
290015004,C401,C40.1 Mucosal graft to conjunctiva
58388006,C404,C40.4 Prosthetic replacement of conjunctiva
293820001,C461,C46.1 Refractive keratoplasty
82027008,C608,C60.8 Other specified filtering operations on iris
231736001,C665,C66.5 Destruction of ciliary body NEC
172538005,C743,C74.3 Mechanical lensectomy
172525002,C776,C77.6 Insertion of capsule tension ring
231762005,C812,C81.2 Laser photocoagulation of retina for detachment
75227000,C741,C74.1 Curettage of lens
8920006,C549,C54.9 Unspecified buckling operations for attachment of retina
446099001,C845,C84.5 Drainage of subretinal fluid through retina
427402009,C796,C79.6 Internal tamponade of retina using liquid
70202005,C573,C57.3 Graft to sclera
22768003,C548,C54.8 Other specified buckling operations for attachment of retina
73689008,C643,C64.3 Destruction of lesion of iris
78191003,C775,C77.5 Magnetic extraction of foreign body from lens
83202004,Y263,Y26.3 Stapling of organ NOC
120122001,Y261,Y26.1 Reconstruction of organ NOC
35009002,C888,C88.8 Other specified destruction of subretinal lesion
108148001,Y058,Y05.8 Other specified excision of organ NOC
67991000,C711,C71.1 Simple linear extraction of lens
74184007,C732,C73.2 Capsulotomy of anterior lens capsule
172415009,C445,C44.5 Laser subepithelial keratomileusis
446490007,C713,C71.3 Aspiration of lens
120119003,C918,C91.8 Other specified operations on anterior segment of eye
274337004,C511,C51.1 Biopsy of lesion of cornea
19740002,C713,C71.3 Aspiration of lens
65839000,U216,U21.6 Ultrasound scan NEC
231726009,Y082,Y08.2 Laser excision of lesion of organ NOC
108143005,Y053,Y05.3 Excision of sinus track from organ NOC
172509007,C662,C66.2 Cauterisation of ciliary body
76135002,C409,C40.9 Unspecified repair of conjunctiva
18274005,C622,C62.2 Surgical iridotomy
47242009,Y061,Y06.1 Marsupialisation of organ NOC
700373001,Y265,Y26.5 Other attention to repair of organ NOC
63356004,C771,C77.1 Capsulectomy
75792002,Y016,Y01.6 Alloreplacement of organ from cadaver NOC
41496004,Y983,Y98.3 Radiology of three body areas (or 20-40 minutes)
450698009,C811,C81.1 Xenon photocoagulation of retina for detachment
21491001,Y299,Y29.9 Unspecified removal of foreign body from organ NOC
85785001,C738,C73.8 Other specified incision of capsule of lens
386607008,C622,C62.2 Surgical iridotomy
314117007,Y717,Y71.7 Third or greater revisional operation NOC
85785001,C739,C73.9 Unspecified incision of capsule of lens
450698009,C833,C83.3 Limited macular translocation
84077007,C573,C57.3 Graft to sclera
33412005,Y073,Y07.3 Obliteration of sinus track from organ NOC
86948006,C825,C82.5 Panretinal laser photocoagulation to lesion of retina
231751005,C752,C75.2 Revision of prosthetic replacement for lens
397313004,C499,C49.9 Unspecified incision of cornea
404627008,C733,C73.3 Capsulotomy of posterior lens capsule
231747008,C751,C75.1 Insertion of prosthetic replacement for lens NEC
426966006,C521,C52.1 Deep sclerectomy with spacer
60656008,C463,C46.3 Penetrating graft to cornea
439269000,Y698,Y69.8 Other specified harvest of other tissue
446590009,C751,C75.1 Insertion of prosthetic replacement for lens NEC
60177007,C791,C79.1 Vitrectomy using anterior approach
445023004,C864,C86.4 Removal of foreign body from eye NEC
83202004,Y264,Y26.4 Removal of other repair material from organ NOC
416100002,C665,C66.5 Destruction of ciliary body NEC
445023004,C433,C43.3 Removal of foreign body from conjunctiva
413955007,Y021,Y02.1 Implantation of prosthesis into organ NOC
446548003,C711,C71.1 Simple linear extraction of lens
426158003,C795,C79.5 Internal tamponade of retina using gas
231756000,C796,C79.6 Internal tamponade of retina using liquid
113113000,Z161,Z16.1 Orbit
76824005,C404,C40.4 Prosthetic replacement of conjunctiva
359951006,C678,C67.8 Other specified other operations on ciliary body
172400008,C435,C43.5 Exploration of conjunctiva
9754005,C572,C57.2 Repair of sclera
84542000,Y291,Y29.1 Surgical removal of foreign body from organ NOC
416100002,C669,C66.9 Unspecified extirpation of ciliary body
231773003,C802,C80.2 Peel of internal limiting membrane
14480008,C199,C19.9 Unspecified incision of eyelid
231736001,Y135,Y13.5 Ultrasonic destruction of lesion of organ NOC
397521009,Y981,Y98.1 Radiology of one body area (or < 20 minutes)
78191003,C732,C73.2 Capsulotomy of anterior lens capsule
120114008,C479,C47.9 Unspecified closure of cornea
231773003,C804,C80.4 Segmentation of epiretinal fibrovascular membrane
363115007,Y322,Y32.2 Re-exploration of organ and other repair of organ NOC
445944001,Y131,Y13.1 Cauterisation of lesion of organ NOC
397521009,Y983,Y98.3 Radiology of three body areas (or 20-40 minutes)
164729009,Y442,Y44.2 Monitoring of pressure in organ NOC
17632005,C798,C79.8 Other specified operations on vitreous body
77950003,C889,C88.9 Unspecified destruction of subretinal lesion
446548003,C729,C72.9 Unspecified intracapsular extraction of lens
446099001,Y228,Y22.8 Other specified drainage of organ NOC
19740002,C718,C71.8 Other specified extracapsular extraction of lens
3605001,C665,C66.5 Destruction of ciliary body NEC
397994004,C039,C03.9 Unspecified insertion of prosthesis of eye
450698009,C825,C82.5 Panretinal laser photocoagulation to lesion of retina
231744001,C743,C74.3 Mechanical lensectomy
446862000,C728,C72.8 Other specified intracapsular extraction of lens
34854007,C653,C65.3 Revision of bleb NEC
274336008,C061,C06.1 Biopsy of lesion of orbit
120086003,C012,C01.2 Enucleation of eye
10831003,C405,C40.5 Suture of conjunctiva
67991000,C776,C77.6 Insertion of capsule tension ring
427326007,C859,C85.9 Unspecified fixation of retina
231761003,C822,C82.2 Cryotherapy to lesion of retina
8920006,C842,C84.2 Excision of lesion of retina NEC
60177007,C792,C79.2 Vitrectomy using pars plana approach
231737005,X657,X65.7 Delivery of radionuclide therapy NEC
30931009,Z194,Z19.4 Choroid
44269004,C647,C64.7 Insertion of iris hooks
231737005,X652,X65.2 Delivery of a fraction of intracavitary radiotherapy
40485001,C452,C45.2 Excision of lesion of cornea NEC
231747008,C738,C73.8 Other specified incision of capsule of lens
398874009,C826,C82.6 Laser photocoagulation to lesion of retina NEC
13793006,C713,C71.3 Aspiration of lens
785830001,C468,C46.8 Other specified plastic operations on cornea
231786007,C848,C84.8 Other specified other operations on retina
82027008,C603,C60.3 Fixation of iris
75792002,Y018,Y01.8 Other specified replacement of organ NOC
231725008,C592,C59.2 Surgical iridectomy
26786002,C546,C54.6 Removal of implant or explant from sclera
1156643002,C826,C82.6 Laser photocoagulation to lesion of retina NEC
231748003,C731,C73.1 Membranectomy of lens
48507008,C648,C64.8 Other specified other operations on iris
73070007,C848,C84.8 Other specified other operations on retina
65839000,Z199,Z19.9 Eye NEC
231744001,C722,C72.2 Suction extraction of lens
172571009,C803,C80.3 Delamination of epiretinal fibrovascular membrane
84077007,C572,C57.2 Repair of sclera
74184007,C738,C73.8 Other specified incision of capsule of lens
309556000,C733,C73.3 Capsulotomy of posterior lens capsule
69235008,C545,C54.5 Buckling of sclera NEC
5961007,C518,C51.8 Other specified other operations on cornea
11819005,Y971,Y97.1 Radiology with pre and post contrast
450698009,C848,C84.8 Other specified other operations on retina
1019009,Y059,Y05.9 Unspecified excision of organ NOC
172408001,X658,X65.8 Other specified radiotherapy delivery
310662003,C829,C82.9 Unspecified destruction of lesion of retina
415282007,C713,C71.3 Aspiration of lens
346742000,C471,C47.1 Suture of cornea
335636001,C712,C71.2 Phacoemulsification of lens
41496004,U216,U21.6 Ultrasound scan NEC
85645002,C572,C57.2 Repair of sclera
120125004,C868,C86.8 Other specified other operations on eye
309556000,Y084,Y08.4 Laser destruction of lesion of organ NOC
47242009,Y066,Y06.6 Vacuum excision of lesion of organ NOC
30823003,C451,C45.1 Superficial keratectomy
312713003,C812,C81.2 Laser photocoagulation of retina for detachment
252833009,Y442,Y44.2 Monitoring of pressure in organ NOC
314233004,Y284,Y28.4 Insertion of mesh into organ NOC
373357006,Y069,Y06.9 Unspecified excision of lesion of organ NOC
2914003,C551,C55.1 Drainage of lesion of sclera
450698009,C824,C82.4 Plaque radiotherapy to lesion of retina
700373001,Y263,Y26.3 Stapling of organ NOC
82382005,C791,C79.1 Vitrectomy using anterior approach
23379002,Y309,Y30.9 Unspecified incision of organ NOC
172508004,C668,C66.8 Other specified extirpation of ciliary body
265297009,C889,C88.9 Unspecified destruction of subretinal lesion
86948006,C824,C82.4 Plaque radiotherapy to lesion of retina
33412005,C515,C51.5 Placement of therapeutic contact lens on to cornea
91552000,Y713,Y71.3 Revisional operations NOC
450698009,C851,C85.1 Retinopexy using cryotherapy
312713003,C821,C82.1 Cauterisation of lesion of retina
6889000,C545,C54.5 Buckling of sclera NEC
241037002,Y981,Y98.1 Radiology of one body area (or < 20 minutes)
425816006,C874,C87.4 Ultrasonic evaluation of retina
426880003,C871,C87.1 Digital imaging of retina
22623003,C468,C46.8 Other specified plastic operations on cornea
314233004,Y281,Y28.1 Insertion of synthetic mesh into organ NOC
47242009,Y062,Y06.2 Deroofing of cyst of organ NOC
62935003,C498,C49.8 Other specified incision of cornea
172538005,C776,C77.6 Insertion of capsule tension ring
6005008,Y012,Y01.2 Alloreplacement of organ NOC
231771001,C798,C79.8 Other specified operations on vitreous body
450698009,C849,C84.9 Unspecified other operations on retina
58388006,C409,C40.9 Unspecified repair of conjunctiva
61553000,Y981,Y98.1 Radiology of one body area (or < 20 minutes)
18274005,Y712,Y71.2 Secondary operations NOC
75903006,C811,C81.1 Xenon photocoagulation of retina for detachment
397521009,Y973,Y97.3 Radiology with post contrast
446862000,C754,C75.4 Insertion of prosthetic replacement for lens using suture fixation
231748003,C734,C73.4 Capsulotomy of lens NEC
4323007,C538,C53.8 Other specified extirpation of lesion of sclera
13303004,C551,C55.1 Drainage of lesion of sclera
78191003,C739,C73.9 Unspecified incision of capsule of lens
312707007,Y292,Y29.2 Manipulative removal of foreign body from organ NOC
8920006,C548,C54.8 Other specified buckling operations for attachment of retina
113113000,U216,U21.6 Ultrasound scan NEC
241037002,U217,U21.7 Plain x-ray NEC
172524003,C776,C77.6 Insertion of capsule tension ring
385441004,C438,C43.8 Other specified other operations on conjunctiva
65812008,C592,C59.2 Surgical iridectomy
282445003,C391,C39.1 Excision of lesion of conjunctiva
172415009,C468,C46.8 Other specified plastic operations on cornea
85785001,C733,C73.3 Capsulotomy of posterior lens capsule
415170005,C711,C71.1 Simple linear extraction of lens
312706003,Y291,Y29.1 Surgical removal of foreign body from organ NOC
44703001,C612,C61.2 Trabeculotomy
231744001,C741,C74.1 Curettage of lens
447099007,C438,C43.8 Other specified other operations on conjunctiva
231748003,C751,C75.1 Insertion of prosthetic replacement for lens NEC
66359001,C647,C64.7 Insertion of iris hooks
63356004,C731,C73.1 Membranectomy of lens
44269004,C741,C74.1 Curettage of lens
89942008,C645,C64.5 Removal of foreign body from iris
27998005,C578,C57.8 Other specified other operations on sclera
274336008,C373,C37.3 Biopsy of lesion of muscle of eye
60656008,C464,C46.4 Insertion of prosthesis into cornea
422246005,C391,C39.1 Excision of lesion of conjunctiva
3938007,C544,C54.4 Buckling of sclera and local or encircling explant HFQ
75227000,C743,C74.3 Mechanical lensectomy
26786002,C548,C54.8 Other specified buckling operations for attachment of retina
35009002,C825,C82.5 Panretinal laser photocoagulation to lesion of retina
77950003,C822,C82.2 Cryotherapy to lesion of retina
430110008,C861,C86.1 Biopsy of lesion of eye NEC
36812006,C599,C59.9 Unspecified excision of iris
13793006,C712,C71.2 Phacoemulsification of lens
85145001,C481,C48.1 Surgical removal of foreign body from cornea
360411008,C732,C73.2 Capsulotomy of anterior lens capsule
398874009,C811,C81.1 Xenon photocoagulation of retina for detachment
312706003,Y292,Y29.2 Manipulative removal of foreign body from organ NOC
6005008,C798,C79.8 Other specified operations on vitreous body
314233004,Y711,Y71.1 Subsequent stage of staged operations NOC
427023009,C833,C83.3 Limited macular translocation
120121008,C778,C77.8 Other specified other operations on lens
172555009,C795,C79.5 Internal tamponade of retina using gas
120127007,Y014,Y01.4 Alloreplacement of organ from cadaver heart beating NOC
19740002,C719,C71.9 Unspecified extracapsular extraction of lens
75227000,C732,C73.2 Capsulotomy of anterior lens capsule
172573007,C843,C84.3 Biopsy of lesion of retina
76135002,C402,C40.2 Amniotic graft to conjunctiva
416100002,C663,C66.3 Cryotherapy to ciliary body
120086003,C018,C01.8 Other specified excision of eye
85145001,C489,C48.9 Unspecified removal of foreign body from cornea
6889000,C544,C54.4 Buckling of sclera and local or encircling explant HFQ
265295001,C711,C71.1 Simple linear extraction of lens
75732000,C792,C79.2 Vitrectomy using pars plana approach
363115007,Y329,Y32.9 Unspecified re-exploration of organ NOC
87021001,C792,C79.2 Vitrectomy using pars plana approach
231708006,C468,C46.8 Other specified plastic operations on cornea
15912005,C391,C39.1 Excision of lesion of conjunctiva
418170009,Y085,Y08.5 Laser modification of organ NOC
88044000,C572,C57.2 Repair of sclera
21491001,Y292,Y29.2 Manipulative removal of foreign body from organ NOC
397574004,C818,C81.8 Other specified photocoagulation of retina for detachment
91552000,C558,C55.8 Other specified incision of sclera
450698009,C819,C81.9 Unspecified photocoagulation of retina for detachment
38487005,C462,C46.2 Lamellar graft to cornea NEC
40899005,C578,C57.8 Other specified other operations on sclera
17179006,C461,C46.1 Refractive keratoplasty
274336008,C432,C43.2 Biopsy of lesion of conjunctiva
108147006,Y309,Y30.9 Unspecified incision of organ NOC
838278005,X629,X62.9 Unspecified assessment
41496004,Y973,Y97.3 Radiology with post contrast
426880003,C866,C86.6 Examination of eye under anaesthetic
35009002,C889,C88.9 Unspecified destruction of subretinal lesion
90243001,C881,C88.1 Transpupillary thermotherapy to subretinal lesion
172415009,C444,C44.4 Photorefractive keratectomy
2914003,C554,C55.4 Expansion of sclera
45031008,C848,C84.8 Other specified other operations on retina
446279000,Y084,Y08.4 Laser destruction of lesion of organ NOC
75227000,C749,C74.9 Unspecified other extraction of lens
172415009,C469,C46.9 Unspecified plastic operations on cornea
112962008,C479,C47.9 Unspecified closure of cornea
359856000,C613,C61.3 Goniotomy
373357006,Y065,Y06.5 Gamma wave excision of lesion of organ NOC
231744001,C719,C71.9 Unspecified extracapsular extraction of lens
425806003,C832,C83.2 Macular translocation three hundred and sixty degrees
310662003,C822,C82.2 Cryotherapy to lesion of retina
25316003,C453,C45.3 Cauterisation of lesion of cornea
172532006,C731,C73.1 Membranectomy of lens
38616001,C578,C57.8 Other specified other operations on sclera
47242009,Y068,Y06.8 Other specified excision of lesion of organ NOC
312707007,C798,C79.8 Other specified operations on vitreous body
172571009,C805,C80.5 Removal of subretinal vascular membrane
397554006,C467,C46.7 Transplant of corneal limbal cells
74184007,C739,C73.9 Unspecified incision of capsule of lens
70796002,C465,C46.5 Deep lamellar graft to cornea
231737005,X654,X65.4 Delivery of a fraction of external beam radiotherapy NEC
72199008,C798,C79.8 Other specified operations on vitreous body
12868007,Y716,Y71.6 Second revisional operation NOC
113113000,Y985,Y98.5 Radiology of > 4 body areas (or > 40 minutes)
90243001,C888,C88.8 Other specified destruction of subretinal lesion
44269004,C751,C75.1 Insertion of prosthetic replacement for lens NEC
8561003,Y138,Y13.8 Other specified other destruction of lesion of organ NOC
404629006,Y048,Y04.8 Other specified replantation of organ NOC
450698009,C844,C84.4 Retinal vascular sheathotomy
172408001,X652,X65.2 Delivery of a fraction of intracavitary radiotherapy
50538003,C776,C77.6 Insertion of capsule tension ring
231767004,C578,C57.8 Other specified other operations on sclera
8920006,C547,C54.7 Maintenance of implant or explant in sclera
294832005,C604,C60.4 Iridoplasty NEC
172430000,C492,C49.2 Trephine of cornea
22623003,C444,C44.4 Photorefractive keratectomy
120125004,Y265,Y26.5 Other attention to repair of organ NOC
172415009,C465,C46.5 Deep lamellar graft to cornea
61779007,C401,C40.1 Mucosal graft to conjunctiva
415170005,C713,C71.3 Aspiration of lens
12868007,Y717,Y71.7 Third or greater revisional operation NOC
3700004,C751,C75.1 Insertion of prosthetic replacement for lens NEC
312707007,Y298,Y29.8 Other specified removal of foreign body from organ NOC
23379002,C678,C67.8 Other specified other operations on ciliary body
397994004,C032,C03.2 Insertion of prosthetic replacement for eyeball
17606004,C522,C52.2 Deep sclerectomy without spacer
231734003,C618,C61.8 Other specified other operations on trabecular meshwork of eye
19731001,Y973,Y97.3 Radiology with post contrast
172530003,C733,C73.3 Capsulotomy of posterior lens capsule
76824005,C402,C40.2 Amniotic graft to conjunctiva
13097002,C545,C54.5 Buckling of sclera NEC
450698009,C845,C84.5 Drainage of subretinal fluid through retina
231714004,C452,C45.2 Excision of lesion of cornea NEC
172405003,Y085,Y08.5 Laser modification of organ NOC
172508004,C662,C66.2 Cauterisation of ciliary body
446548003,C733,C73.3 Capsulotomy of posterior lens capsule
40163002,C771,C77.1 Capsulectomy
90854001,C652,C65.2 Injection of bleb
172460005,C553,C55.3 Drainage of subretinal fluid through sclera
172477005,C603,C60.3 Fixation of iris
81085004,C918,C91.8 Other specified operations on anterior segment of eye
446862000,C723,C72.3 Cryoextraction of lens
76135002,C404,C40.4 Prosthetic replacement of conjunctiva
450698009,C854,C85.4 Retinopexy using tissue adhesive
77950003,C882,C88.2 Photodynamic therapy to subretinal lesion
446548003,C748,C74.8 Other specified other extraction of lens
33412005,C518,C51.8 Other specified other operations on cornea
415281000,C711,C71.1 Simple linear extraction of lens
49181006,C692,C69.2 Paracentesis of anterior chamber of eye
231772008,C841,C84.1 Epiretinal dissection
447429008,Y068,Y06.8 Other specified excision of lesion of organ NOC
231756000,C792,C79.2 Vitrectomy using pars plana approach
11819005,Y973,Y97.3 Radiology with post contrast
25316003,C459,C45.9 Unspecified extirpation of lesion of cornea
231738000,C661,C66.1 Excision of ciliary body
3700004,C722,C72.2 Suction extraction of lens
47130006,C402,C40.2 Amniotic graft to conjunctiva
172415009,C441,C44.1 Hydrogel prosthetic keratoplasty
75792002,Y015,Y01.5 Alloreplacement of organ from cadaver heart non-beating NOC
54085006,Y292,Y29.2 Manipulative removal of foreign body from organ NOC
41496004,Y971,Y97.1 Radiology with pre and post contrast
386608003,C623,C62.3 Laser iridotomy
241037002,Y973,Y97.3 Radiology with post contrast
120114008,C473,C47.3 Removal of suture from cornea
40899005,Y111,Y11.1 Cauterisation of organ NOC
35009002,C821,C82.1 Cauterisation of lesion of retina
252846004,C875,C87.5 Scanning laser ophthalmoscopy evaluation of retina
397110008,C444,C44.4 Photorefractive keratectomy
312707007,Y291,Y29.1 Surgical removal of foreign body from organ NOC
397800002,C038,C03.8 Other specified insertion of prosthesis of eye
112960000,C408,C40.8 Other specified repair of conjunctiva
90243001,C882,C88.2 Photodynamic therapy to subretinal lesion
61553000,Y983,Y98.3 Radiology of three body areas (or 20-40 minutes)
231773003,C801,C80.1 Peel of epiretinal fibroglial membrane
172447004,C533,C53.3 Cauterisation of lesion of sclera
75318004,C574,C57.4 Suture of sclera
75227000,C719,C71.9 Unspecified extracapsular extraction of lens
61553000,Y971,Y97.1 Radiology with pre and post contrast
427478009,A845,A84.5 Electroretinography NEC
450698009,C542,C54.2 Imbrication of sclera
172445007,C531,C53.1 Punch resection of sclera
70107009,Y269,Y26.9 Unspecified other repair of organ NOC
60656008,C466,C46.6 Amniotic membrane graft to cornea
386608003,C622,C62.2 Surgical iridotomy
35552007,C482,C48.2 Magnetic extraction of foreign body from cornea
404636007,C611,C61.1 Laser trabeculoplasty
35552007,C479,C47.9 Unspecified closure of cornea
23598001,C798,C79.8 Other specified operations on vitreous body
54085006,Y298,Y29.8 Other specified removal of foreign body from organ NOC
19731001,Y983,Y98.3 Radiology of three body areas (or 20-40 minutes)
399867007,C812,C81.2 Laser photocoagulation of retina for detachment
231748003,C732,C73.2 Capsulotomy of anterior lens capsule
22623003,C469,C46.9 Unspecified plastic operations on cornea
450698009,C841,C84.1 Epiretinal dissection
9754005,C403,C40.3 Sliding graft to conjunctiva
36812006,C591,C59.1 Iridocyclectomy
76135002,C405,C40.5 Suture of conjunctiva
430110008,Y204,Y20.4 Fine needle aspiration NOC
425806003,C831,C83.1 Pigment epithelium translocation of retina
297840009,C791,C79.1 Vitrectomy using anterior approach
9754005,C409,C40.9 Unspecified repair of conjunctiva
6486000,Y113,Y11.3 Curettage of organ NOC
450698009,C543,C54.3 Buckling of sclera and implant HFQ
425806003,C839,C83.9 Unspecified translocation of retina
310560003,C841,C84.1 Epiretinal dissection
446590009,C723,C72.3 Cryoextraction of lens
75396001,C408,C40.8 Other specified repair of conjunctiva
231762005,C825,C82.5 Panretinal laser photocoagulation to lesion of retina
75227000,C742,C74.2 Discission of cataract
19740002,C711,C71.1 Simple linear extraction of lens
76458006,C648,C64.8 Other specified other operations on iris
37741003,C698,C69.8 Other specified other operations on anterior chamber of eye
108150009,Y419,Y41.9 Unspecified examination of organ NOC
446938009,C061,C06.1 Biopsy of lesion of orbit
74220006,C791,C79.1 Vitrectomy using anterior approach
426580006,C791,C79.1 Vitrectomy using anterior approach
426158003,C792,C79.2 Vitrectomy using pars plana approach
446548003,C742,C74.2 Discission of cataract
223217009,C433,C43.3 Removal of foreign body from conjunctiva
35009002,C828,C82.8 Other specified destruction of lesion of retina
34854007,C652,C65.2 Injection of bleb
35717002,C647,C64.7 Insertion of iris hooks
40833009,C451,C45.1 Superficial keratectomy
81177005,Y084,Y08.4 Laser destruction of lesion of organ NOC
46718002,C453,C45.3 Cauterisation of lesion of cornea
446565007,C791,C79.1 Vitrectomy using anterior approach
392028003,C611,C61.1 Laser trabeculoplasty
231739008,C668,C66.8 Other specified extirpation of ciliary body
450698009,C843,C84.3 Biopsy of lesion of retina
75227000,C713,C71.3 Aspiration of lens
785830001,Z942,Z94.2 Right sided operation
91552000,Y716,Y71.6 Second revisional operation NOC
19731001,Y971,Y97.1 Radiology with pre and post contrast
172571009,C804,C80.4 Segmentation of epiretinal fibrovascular membrane
35009002,C826,C82.6 Laser photocoagulation to lesion of retina NEC
359851005,Y069,Y06.9 Unspecified excision of lesion of organ NOC
172572002,C842,C84.2 Excision of lesion of retina NEC
426158003,C791,C79.1 Vitrectomy using anterior approach
172542008,C752,C75.2 Revision of prosthetic replacement for lens
414085008,C516,C51.6 Topography evaluation of cornea
172565003,C889,C88.9 Unspecified destruction of subretinal lesion
15912005,C393,C39.3 Cryotherapy to lesion of conjunctiva
416100002,C664,C66.4 Laser photocoagulation of ciliary body
84542000,C698,C69.8 Other specified other operations on anterior chamber of eye
25316003,C457,C45.7 Debridement of lesion of cornea
6005008,Y016,Y01.6 Alloreplacement of organ from cadaver NOC
75396001,C409,C40.9 Unspecified repair of conjunctiva
363115007,Y321,Y32.1 Re-exploration of organ and surgical arrest of postoperative bleeding NOC
60656008,C467,C46.7 Transplant of corneal limbal cells
425626001,C791,C79.1 Vitrectomy using anterior approach
120122001,C778,C77.8 Other specified other operations on lens
415170005,C712,C71.2 Phacoemulsification of lens
64971001,C821,C82.1 Cauterisation of lesion of retina
231749006,C738,C73.8 Other specified incision of capsule of lens
426580006,C796,C79.6 Internal tamponade of retina using liquid
172532006,Y086,Y08.6 Laser incision of organ NOC
39029006,A842,A84.2 Electromyography
231744001,C729,C72.9 Unspecified intracapsular extraction of lens
404626004,C732,C73.2 Capsulotomy of anterior lens capsule
50538003,C742,C74.2 Discission of cataract
425797007,C882,C88.2 Photodynamic therapy to subretinal lesion
66359001,C751,C75.1 Insertion of prosthetic replacement for lens NEC
65839000,Y985,Y98.5 Radiology of > 4 body areas (or > 40 minutes)
429546007,C844,C84.4 Retinal vascular sheathotomy
172530003,Y086,Y08.6 Laser incision of organ NOC
44291006,Y111,Y11.1 Cauterisation of organ NOC
172386004,X658,X65.8 Other specified radiotherapy delivery
172405003,C451,C45.1 Superficial keratectomy
450698009,C838,C83.8 Other specified translocation of retina
40485001,C468,C46.8 Other specified plastic operations on cornea
418170009,Y089,Y08.9 Unspecified laser therapy to organ NOC
120125004,Y261,Y26.1 Reconstruction of organ NOC
231775005,C824,C82.4 Plaque radiotherapy to lesion of retina
425626001,C795,C79.5 Internal tamponade of retina using gas
426580006,C793,C79.3 Injection of vitreous substitute into vitreous body NEC
90854001,C653,C65.3 Revision of bleb NEC
231748003,C733,C73.3 Capsulotomy of posterior lens capsule
15912005,C398,C39.8 Other specified extirpation of lesion of conjunctiva
295001,Y139,Y13.9 Unspecified other destruction of lesion of organ NOC
427387001,C791,C79.1 Vitrectomy using anterior approach
75903006,C889,C88.9 Unspecified destruction of subretinal lesion
428201003,C853,C85.3 Retinopexy using mechanical tacks
231740005,C668,C66.8 Other specified extirpation of ciliary body
446938009,C773,C77.3 Biopsy of lesion of lens
6005008,Y011,Y01.1 Autoreplacement of organ NOC
15912005,C395,C39.5 Radiotherapy to lesion of conjunctiva
231775005,C825,C82.5 Panretinal laser photocoagulation to lesion of retina
58388006,C402,C40.2 Amniotic graft to conjunctiva
172386004,X656,X65.6 Delivery of a fraction of intraluminal brachytherapy
13303004,C554,C55.4 Expansion of sclera
8255002,C658,C65.8 Other specified operations following glaucoma surgery
61553000,U216,U21.6 Ultrasound scan NEC
22623003,C441,C44.1 Hydrogel prosthetic keratoplasty
46309001,C742,C74.2 Discission of cataract
40485001,C463,C46.3 Penetrating graft to cornea
59465003,C454,C45.4 Cryotherapy to lesion of cornea
397994004,C012,C01.2 Enucleation of eye
447479006,Y069,Y06.9 Unspecified excision of lesion of organ NOC
397538008,C826,C82.6 Laser photocoagulation to lesion of retina NEC
231773003,C806,C80.6 Removal of subretinal membrane NEC
120119003,Y269,Y26.9 Unspecified other repair of organ NOC
60656008,C465,C46.5 Deep lamellar graft to cornea
65839000,Y981,Y98.1 Radiology of one body area (or < 20 minutes)
39153002,Y261,Y26.1 Reconstruction of organ NOC
108147006,Y308,Y30.8 Other specified incision of organ NOC
265294002,C622,C62.2 Surgical iridotomy
231727000,C598,C59.8 Other specified excision of iris
74220006,C792,C79.2 Vitrectomy using pars plana approach
428917000,C831,C83.1 Pigment epithelium translocation of retina
450698009,C544,C54.4 Buckling of sclera and local or encircling explant HFQ
446099001,C848,C84.8 Other specified other operations on retina
9754005,C404,C40.4 Prosthetic replacement of conjunctiva
8920006,C848,C84.8 Other specified other operations on retina
11819005,U361,U36.1 Thermography NEC
72019009,C792,C79.2 Vitrectomy using pars plana approach
61779007,C403,C40.3 Sliding graft to conjunctiva
22768003,Y251,Y25.1 Suture of laceration of organ NOC
164729009,C518,C51.8 Other specified other operations on cornea
172429005,C491,C49.1 Section of cornea
58388006,C403,C40.3 Sliding graft to conjunctiva
172408001,X656,X65.6 Delivery of a fraction of intraluminal brachytherapy
71091006,C663,C66.3 Cryotherapy to ciliary body
397110008,C451,C45.1 Superficial keratectomy
359951006,Y118,Y11.8 Other specified other destruction of organ NOC
206175003,C032,C03.2 Insertion of prosthetic replacement for eyeball
446938009,C861,C86.1 Biopsy of lesion of eye NEC
75396001,C404,C40.4 Prosthetic replacement of conjunctiva
373356002,C013,C01.3 Evisceration of eye
231718001,C558,C55.8 Other specified incision of sclera
418121005,C751,C75.1 Insertion of prosthetic replacement for lens NEC
1683003,C405,C40.5 Suture of conjunctiva
413550005,C498,C49.8 Other specified incision of cornea
9137006,C776,C77.6 Insertion of capsule tension ring
363115007,C866,C86.6 Examination of eye under anaesthetic
64943007,Y084,Y08.4 Laser destruction of lesion of organ NOC
11819005,Z199,Z19.9 Eye NEC
61553000,Y973,Y97.3 Radiology with post contrast
231775005,C822,C82.2 Cryotherapy to lesion of retina
446548003,C612,C61.2 Trabeculotomy
231787003,C843,C84.3 Biopsy of lesion of retina
77950003,C888,C88.8 Other specified destruction of subretinal lesion
75227000,C729,C72.9 Unspecified intracapsular extraction of lens
446590009,C728,C72.8 Other specified intracapsular extraction of lens
310561004,C841,C84.1 Epiretinal dissection
74220006,C795,C79.5 Internal tamponade of retina using gas
397560006,Y339,Y33.9 Unspecified puncture of organ NOC
108150009,Y412,Y41.2 Endoscopic ultrasound staging examination of organ NOC
172523009,C723,C72.3 Cryoextraction of lens
259222004,Y113,Y11.3 Curettage of organ NOC
172452009,C542,C54.2 Imbrication of sclera
82027008,C606,C60.6 Viscocanulostomy
172538005,C751,C75.1 Insertion of prosthetic replacement for lens NEC
446548003,C738,C73.8 Other specified incision of capsule of lens
8920006,C846,C84.6 Retinotomy NEC
397574004,C819,C81.9 Unspecified photocoagulation of retina for detachment
231760002,C881,C88.1 Transpupillary thermotherapy to subretinal lesion
293820001,C462,C46.2 Lamellar graft to cornea NEC
47130006,Y261,Y26.1 Reconstruction of organ NOC
47130006,Y262,Y26.2 Plastic repair of organ NOC
450698009,C549,C54.9 Unspecified buckling operations for attachment of retina
231717006,Y131,Y13.1 Cauterisation of lesion of organ NOC
450698009,C823,C82.3 External beam radiotherapy to lesion of retina
19731001,Z199,Z19.9 Eye NEC
421483006,C516,C51.6 Topography evaluation of cornea
231744001,C718,C71.8 Other specified extracapsular extraction of lens
172460005,C554,C55.4 Expansion of sclera
22623003,C463,C46.3 Penetrating graft to cornea
4323007,C533,C53.3 Cauterisation of lesion of sclera
231756000,C795,C79.5 Internal tamponade of retina using gas
65812008,C729,C72.9 Unspecified intracapsular extraction of lens
1186897008,C664,C66.4 Laser photocoagulation of ciliary body
172547002,C773,C77.3 Biopsy of lesion of lens
231747008,C734,C73.4 Capsulotomy of lens NEC
312714009,C752,C75.2 Revision of prosthetic replacement for lens
73070007,Y132,Y13.2 Cryotherapy to lesion of organ NOC
77184003,C392,C39.2 Cauterisation of lesion of conjunctiva
373357006,Y062,Y06.2 Deroofing of cyst of organ NOC
439490005,C792,C79.2 Vitrectomy using pars plana approach
265297009,C821,C82.1 Cauterisation of lesion of retina
25316003,C451,C45.1 Superficial keratectomy
415281000,C719,C71.9 Unspecified extracapsular extraction of lens
172532006,C751,C75.1 Insertion of prosthetic replacement for lens NEC
172415009,C463,C46.3 Penetrating graft to cornea
22623003,C462,C46.2 Lamellar graft to cornea NEC
29911008,Y112,Y11.2 Cryotherapy to organ NOC
371346008,C623,C62.3 Laser iridotomy
74184007,C731,C73.1 Membranectomy of lens
426880003,C865,C86.5 Fluorescein angiography of eye
415281000,C718,C71.8 Other specified extracapsular extraction of lens
427326007,C855,C85.5 Retinopexy NEC
6005008,Y019,Y01.9 Unspecified replacement of organ NOC
61779007,C402,C40.2 Amniotic graft to conjunctiva
360405005,C774,C77.4 Surgical removal of foreign body from lens
310559008,C841,C84.1 Epiretinal dissection
59959006,C862,C86.2 Repair of globe
33412005,C519,C51.9 Unspecified other operations on cornea
360411008,C734,C73.4 Capsulotomy of lens NEC
398874009,C819,C81.9 Unspecified photocoagulation of retina for detachment
85785001,C734,C73.4 Capsulotomy of lens NEC
427402009,C791,C79.1 Vitrectomy using anterior approach
231718001,Y082,Y08.2 Laser excision of lesion of organ NOC
172468003,C571,C57.1 Biopsy of lesion of sclera
75396001,C403,C40.3 Sliding graft to conjunctiva
427326007,C854,C85.4 Retinopexy using tissue adhesive
373357006,Y064,Y06.4 Excision of scar tissue NOC
9754005,C402,C40.2 Amniotic graft to conjunctiva
314117007,Y716,Y71.6 Second revisional operation NOC
21491001,Y298,Y29.8 Other specified removal of foreign body from organ NOC
63506005,X658,X65.8 Other specified radiotherapy delivery
120114008,C472,C47.2 Adjustment to suture of cornea
3700004,C647,C64.7 Insertion of iris hooks
1156643002,C825,C82.5 Panretinal laser photocoagulation to lesion of retina
120125004,Y269,Y26.9 Unspecified other repair of organ NOC
397521009,Y971,Y97.1 Radiology with pre and post contrast
26786002,C549,C54.9 Unspecified buckling operations for attachment of retina
31222007,C692,C69.2 Paracentesis of anterior chamber of eye
63506005,X659,X65.9 Unspecified radiotherapy delivery
172523009,C721,C72.1 Forceps extraction of lens
172555009,C791,C79.1 Vitrectomy using anterior approach
360411008,C739,C73.9 Unspecified incision of capsule of lens
75170007,C748,C74.8 Other specified other extraction of lens
425626001,C792,C79.2 Vitrectomy using pars plana approach
231748003,Y086,Y08.6 Laser incision of organ NOC
90243001,C889,C88.9 Unspecified destruction of subretinal lesion
78191003,C734,C73.4 Capsulotomy of lens NEC
8920006,C542,C54.2 Imbrication of sclera
709088006,C812,C81.2 Laser photocoagulation of retina for detachment
72713004,C411,C41.1 Peritomy
8561003,Y139,Y13.9 Unspecified other destruction of lesion of organ NOC
30931009,C848,C84.8 Other specified other operations on retina
1004036000,C452,C45.2 Excision of lesion of cornea NEC
13793006,C719,C71.9 Unspecified extracapsular extraction of lens
359851005,Y061,Y06.1 Marsupialisation of organ NOC
57551006,C646,C64.6 Stretching of iris
2914003,C552,C55.2 Corneoscleral trephine
35009002,C882,C88.2 Photodynamic therapy to subretinal lesion
58388006,C408,C40.8 Other specified repair of conjunctiva
426580006,C795,C79.5 Internal tamponade of retina using gas
425797007,C881,C88.1 Transpupillary thermotherapy to subretinal lesion
66922009,C648,C64.8 Other specified other operations on iris
82027008,C609,C60.9 Unspecified filtering operations on iris
427478009,C874,C87.4 Ultrasonic evaluation of retina
231780001,C794,C79.4 Injection into vitreous body NEC
61553000,Z199,Z19.9 Eye NEC
112960000,C403,C40.3 Sliding graft to conjunctiva
398874009,C812,C81.2 Laser photocoagulation of retina for detachment
64943007,C848,C84.8 Other specified other operations on retina
35009002,C829,C82.9 Unspecified destruction of lesion of retina
206175003,C013,C01.3 Evisceration of eye
88812000,C661,C66.1 Excision of ciliary body
27998005,Y268,Y26.8 Other specified other repair of organ NOC
45102007,Y269,Y26.9 Unspecified other repair of organ NOC
108156003,Y059,Y05.9 Unspecified excision of organ NOC
231715003,C498,C49.8 Other specified incision of cornea
172529008,C751,C75.1 Insertion of prosthetic replacement for lens NEC
8920006,C818,C81.8 Other specified photocoagulation of retina for detachment
415282007,C712,C71.2 Phacoemulsification of lens
371345007,C623,C62.3 Laser iridotomy
427478009,C871,C87.1 Digital imaging of retina
120119003,Y268,Y26.8 Other specified other repair of organ NOC
401306006,C776,C77.6 Insertion of capsule tension ring
23379002,Y301,Y30.1 Incision of lesion of organ NOC
415170005,C719,C71.9 Unspecified extracapsular extraction of lens
72713004,C419,C41.9 Unspecified incision of conjunctiva
2914003,C558,C55.8 Other specified incision of sclera
61553000,Y985,Y98.5 Radiology of > 4 body areas (or > 40 minutes)
290015004,C402,C40.2 Amniotic graft to conjunctiva
314126005,C642,C64.2 Excision of lesion of iris
274336008,C571,C57.1 Biopsy of lesion of sclera
37741003,Y068,Y06.8 Other specified excision of lesion of organ NOC
450698009,C812,C81.2 Laser photocoagulation of retina for detachment
22768003,Y254,Y25.4 Removal of other suture from organ NOC
415281000,C712,C71.2 Phacoemulsification of lens
172435005,C511,C51.1 Biopsy of lesion of cornea
10529001,Y259,Y25.9 Unspecified suture of organ NOC
446565007,C891,C89.1 Insertion of sustained release device into posterior segment of eye
880069007,C451,C45.1 Superficial keratectomy
60204005,C392,C39.2 Cauterisation of lesion of conjunctiva
89942008,Y309,Y30.9 Unspecified incision of organ NOC
423308005,C848,C84.8 Other specified other operations on retina
172132001,C012,C01.2 Enucleation of eye
14727005,C658,C65.8 Other specified operations following glaucoma surgery
41496004,Y981,Y98.1 Radiology of one body area (or < 20 minutes)
426332009,C823,C82.3 External beam radiotherapy to lesion of retina
203644001,C559,C55.9 Unspecified incision of sclera
312705004,C798,C79.8 Other specified operations on vitreous body
446548003,C722,C72.2 Suction extraction of lens
252803002,Y442,Y44.2 Monitoring of pressure in organ NOC
19740002,C712,C71.2 Phacoemulsification of lens
373357006,Y068,Y06.8 Other specified excision of lesion of organ NOC
314133005,Y252,Y25.2 Resuture of organ NOC
62428002,C471,C47.1 Suture of cornea
398874009,C825,C82.5 Panretinal laser photocoagulation to lesion of retina
363115007,C868,C86.8 Other specified other operations on eye
312712008,C841,C84.1 Epiretinal dissection
231760002,C822,C82.2 Cryotherapy to lesion of retina
108143005,Y058,Y05.8 Other specified excision of organ NOC
54085006,Y299,Y29.9 Unspecified removal of foreign body from organ NOC
12163000,C711,C71.1 Simple linear extraction of lens
75227000,C712,C71.2 Phacoemulsification of lens
421865005,C516,C51.6 Topography evaluation of cornea
427387001,C792,C79.2 Vitrectomy using pars plana approach
27652007,C121,C12.1 Excision of lesion of eyelid NEC
53698007,C791,C79.1 Vitrectomy using anterior approach
35552007,C489,C48.9 Unspecified removal of foreign body from cornea
450698009,C858,C85.8 Other specified fixation of retina
86948006,C829,C82.9 Unspecified destruction of lesion of retina
427326007,C858,C85.8 Other specified fixation of retina
25316003,C458,C45.8 Other specified extirpation of lesion of cornea
446548003,C743,C74.3 Mechanical lensectomy
66960000,C471,C47.1 Suture of cornea
85145001,C482,C48.2 Magnetic extraction of foreign body from cornea
39346000,C391,C39.1 Excision of lesion of conjunctiva
172532006,C734,C73.4 Capsulotomy of lens NEC
1187011002,C691,C69.1 Reformation of anterior chamber of eye
172573007,Z194,Z19.4 Choroid
427326007,C851,C85.1 Retinopexy using cryotherapy
413955007,C522,C52.2 Deep sclerectomy without spacer
8920006,C541,C54.1 Overlay scleroplasty
446548003,C731,C73.1 Membranectomy of lens
172408001,X654,X65.4 Delivery of a fraction of external beam radiotherapy NEC
65839000,Y973,Y97.3 Radiology with post contrast
310662003,C821,C82.1 Cauterisation of lesion of retina
84072001,C458,C45.8 Other specified extirpation of lesion of cornea
31230008,Y111,Y11.1 Cauterisation of organ NOC
84077007,C578,C57.8 Other specified other operations on sclera
44291006,Y131,Y13.1 Cauterisation of lesion of organ NOC
22623003,C445,C44.5 Laser subepithelial keratomileusis
26786002,C544,C54.4 Buckling of sclera and local or encircling explant HFQ
446548003,C719,C71.9 Unspecified extracapsular extraction of lens
64971001,Y171,Y17.1 Electrocauterisation of lesion of organ NOC
10529001,C658,C65.8 Other specified operations following glaucoma surgery
425816006,A845,A84.5 Electroretinography NEC
172571009,C806,C80.6 Removal of subretinal membrane NEC
172415009,C461,C46.1 Refractive keratoplasty
401306006,C712,C71.2 Phacoemulsification of lens
172508004,C669,C66.9 Unspecified extirpation of ciliary body
172574001,C548,C54.8 Other specified buckling operations for attachment of retina
8920006,C845,C84.5 Drainage of subretinal fluid through retina
21596009,C088,C08.8 Other specified other operations on orbit
265293008,C614,C61.4 Goniopuncture
113113000,Y981,Y98.1 Radiology of one body area (or < 20 minutes)
4323007,C532,C53.2 Excision of lesion of sclera NEC
418170009,Y084,Y08.4 Laser destruction of lesion of organ NOC
120086003,C011,C01.1 Exenteration of orbit
1019009,Y058,Y05.8 Other specified excision of organ NOC
78191003,C733,C73.3 Capsulotomy of posterior lens capsule
295001,Y138,Y13.8 Other specified other destruction of lesion of organ NOC
415282007,C711,C71.1 Simple linear extraction of lens
446548003,C721,C72.1 Forceps extraction of lens
50141002,C543,C54.3 Buckling of sclera and implant HFQ
373357006,Y061,Y06.1 Marsupialisation of organ NOC
7898005,C889,C88.9 Unspecified destruction of subretinal lesion
231773003,C808,C80.8 Other specified operations on retinal membrane
108143005,Y054,Y05.4 Ex vivo resection of organ NOC
44592003,Y131,Y13.1 Cauterisation of lesion of organ NOC
51081001,C518,C51.8 Other specified other operations on cornea
172415009,C442,C44.2 Laser in situ keratomileusis
700373001,Y264,Y26.4 Removal of other repair material from organ NOC
60712003,C532,C53.2 Excision of lesion of sclera NEC
25316003,C452,C45.2 Excision of lesion of cornea NEC
22768003,Y253,Y25.3 Removal of retained suture from organ NOC
426580006,C792,C79.2 Vitrectomy using pars plana approach
310662003,C825,C82.5 Panretinal laser photocoagulation to lesion of retina
75170007,C741,C74.1 Curettage of lens
75734004,C848,C84.8 Other specified other operations on retina
70107009,Y263,Y26.3 Stapling of organ NOC
108150009,Y413,Y41.3 Endoscopic ultrasound examination of organ NOC
450698009,C826,C82.6 Laser photocoagulation to lesion of retina NEC
172386004,X651,X65.1 Delivery of a fraction of total body irradiation
446548003,C718,C71.8 Other specified extracapsular extraction of lens
20019002,Y429,Y42.9 Unspecified manipulation of organ NOC
172530003,C751,C75.1 Insertion of prosthetic replacement for lens NEC
8920006,C545,C54.5 Buckling of sclera NEC
9137006,C647,C64.7 Insertion of iris hooks
231762005,C821,C82.1 Cauterisation of lesion of retina
450698009,C829,C82.9 Unspecified destruction of lesion of retina
67991000,C751,C75.1 Insertion of prosthetic replacement for lens NEC
18551005,C398,C39.8 Other specified extirpation of lesion of conjunctiva
203644001,C553,C55.3 Drainage of subretinal fluid through sclera
231775005,C826,C82.6 Laser photocoagulation to lesion of retina NEC
446938009,C432,C43.2 Biopsy of lesion of conjunctiva
427478009,C875,C87.5 Scanning laser ophthalmoscopy evaluation of retina
30104007,C738,C73.8 Other specified incision of capsule of lens
65812008,C712,C71.2 Phacoemulsification of lens
439490005,C848,C84.8 Other specified other operations on retina
426332009,X654,X65.4 Delivery of a fraction of external beam radiotherapy NEC
172401007,C436,C43.6 Creation of hood of conjunctiva
363115007,Y323,Y32.3 Re-exploration of organ and packing of organ NOC
67991000,C647,C64.7 Insertion of iris hooks
446507001,C918,C91.8 Other specified operations on anterior segment of eye
38722003,C452,C45.2 Excision of lesion of cornea NEC
30931009,Y269,Y26.9 Unspecified other repair of organ NOC
83202004,Y268,Y26.8 Other specified other repair of organ NOC
164729009,C868,C86.8 Other specified other operations on eye
47242009,Y067,Y06.7 Radiofrequency excision of lesion of organ NOC
172390002,C402,C40.2 Amniotic graft to conjunctiva
63506005,X652,X65.2 Delivery of a fraction of intracavitary radiotherapy
17606004,C528,C52.8 Other specified excision of sclera
1746005,C543,C54.3 Buckling of sclera and implant HFQ
26786002,C543,C54.3 Buckling of sclera and implant HFQ
120118006,C918,C91.8 Other specified operations on anterior segment of eye
203644001,C552,C55.2 Corneoscleral trephine
65812008,C743,C74.3 Mechanical lensectomy
312705004,Y298,Y29.8 Other specified removal of foreign body from organ NOC
450698009,C852,C85.2 Retinopexy using diathermy
30113009,C698,C69.8 Other specified other operations on anterior chamber of eye
7898005,C881,C88.1 Transpupillary thermotherapy to subretinal lesion
120125004,Y264,Y26.4 Removal of other repair material from organ NOC
75396001,Y262,Y26.2 Plastic repair of organ NOC
13303004,C558,C55.8 Other specified incision of sclera
446938009,C511,C51.1 Biopsy of lesion of cornea
58388006,C401,C40.1 Mucosal graft to conjunctiva
397112000,C391,C39.1 Excision of lesion of conjunctiva
61732007,C528,C52.8 Other specified excision of sclera
241037002,Y971,Y97.1 Radiology with pre and post contrast
45817009,C848,C84.8 Other specified other operations on retina
81924001,C888,C88.8 Other specified destruction of subretinal lesion
172408001,X651,X65.1 Delivery of a fraction of total body irradiation
709085009,C812,C81.2 Laser photocoagulation of retina for detachment
86948006,C821,C82.1 Cauterisation of lesion of retina
22623003,C465,C46.5 Deep lamellar graft to cornea
74184007,C734,C73.4 Capsulotomy of lens NEC
80632003,C791,C79.1 Vitrectomy using anterior approach
172565003,C822,C82.2 Cryotherapy to lesion of retina
63506005,X657,X65.7 Delivery of radionuclide therapy NEC
386608003,C621,C62.1 Iridosclerotomy
312713003,C818,C81.8 Other specified photocoagulation of retina for detachment
35717002,C776,C77.6 Insertion of capsule tension ring
287242008,Y291,Y29.1 Surgical removal of foreign body from organ NOC
62178009,Y111,Y11.1 Cauterisation of organ NOC
82627009,C798,C79.8 Other specified operations on vitreous body
86948006,C826,C82.6 Laser photocoagulation to lesion of retina NEC
72710001,C572,C57.2 Repair of sclera
2914003,C559,C55.9 Unspecified incision of sclera
231747008,C739,C73.9 Unspecified incision of capsule of lens
397539000,C818,C81.8 Other specified photocoagulation of retina for detachment
26786002,C547,C54.7 Maintenance of implant or explant in sclera
373357006,C868,C86.8 Other specified other operations on eye
65812008,C739,C73.9 Unspecified incision of capsule of lens
274336008,C843,C84.3 Biopsy of lesion of retina
314125009,C866,C86.6 Examination of eye under anaesthetic
446548003,C739,C73.9 Unspecified incision of capsule of lens
41515001,C889,C88.9 Unspecified destruction of subretinal lesion
413954006,C558,C55.8 Other specified incision of sclera
838278005,X609,X60.9 Unspecified rehabilitation assessment
120127007,Y015,Y01.5 Alloreplacement of organ from cadaver heart non-beating NOC
19320007,C678,C67.8 Other specified other operations on ciliary body
33412005,C512,C51.2 Chelation of cornea
75170007,C749,C74.9 Unspecified other extraction of lens
428494000,C652,C65.2 Injection of bleb
3605001,C669,C66.9 Unspecified extirpation of ciliary body
446862000,C729,C72.9 Unspecified intracapsular extraction of lens
75903006,C882,C88.2 Photodynamic therapy to subretinal lesion
425806003,C838,C83.8 Other specified translocation of retina
172386004,X659,X65.9 Unspecified radiotherapy delivery
231786007,Y131,Y13.1 Cauterisation of lesion of organ NOC
231744001,C723,C72.3 Cryoextraction of lens
13303004,C559,C55.9 Unspecified incision of sclera
415282007,C719,C71.9 Unspecified extracapsular extraction of lens
78191003,C738,C73.8 Other specified incision of capsule of lens
418121005,C515,C51.5 Placement of therapeutic contact lens on to cornea
397538008,C812,C81.2 Laser photocoagulation of retina for detachment
68366009,C546,C54.6 Removal of implant or explant from sclera
40485001,C462,C46.2 Lamellar graft to cornea NEC
6889000,C543,C54.3 Buckling of sclera and implant HFQ
120127007,C868,C86.8 Other specified other operations on eye
274336008,C511,C51.1 Biopsy of lesion of cornea
310662003,C828,C82.8 Other specified destruction of lesion of retina
231735002,C618,C61.8 Other specified other operations on trabecular meshwork of eye
446548003,C713,C71.3 Aspiration of lens
8920006,C841,C84.1 Epiretinal dissection
77184003,Y111,Y11.1 Cauterisation of organ NOC
446507001,Y068,Y06.8 Other specified excision of lesion of organ NOC
446490007,C718,C71.8 Other specified extracapsular extraction of lens
44269004,C776,C77.6 Insertion of capsule tension ring
416100002,C661,C66.1 Excision of ciliary body
82819003,C868,C86.8 Other specified other operations on eye
75732000,C796,C79.6 Internal tamponade of retina using liquid
231744001,C711,C71.1 Simple linear extraction of lens
22768003,Y258,Y25.8 Other specified suture of organ NOC
81924001,C889,C88.9 Unspecified destruction of subretinal lesion
108147006,C918,C91.8 Other specified operations on anterior segment of eye
397574004,C811,C81.1 Xenon photocoagulation of retina for detachment
32788008,C529,C52.9 Unspecified excision of sclera
397994004,C031,C03.1 Insertion of prosthetic replacement for orbit
62236008,C499,C49.9 Unspecified incision of cornea
450698009,C839,C83.9 Unspecified translocation of retina
700373001,C808,C80.8 Other specified operations on retinal membrane
47130006,C405,C40.5 Suture of conjunctiva
75792002,Y011,Y01.1 Autoreplacement of organ NOC
785831002,Z943,Z94.3 Left sided operation
427478009,C873,C87.3 Tomography evaluation of retina
172386004,X657,X65.7 Delivery of radionuclide therapy NEC
58388006,C405,C40.5 Suture of conjunctiva
231774009,C846,C84.6 Retinotomy NEC
40485001,C391,C39.1 Excision of lesion of conjunctiva
75792002,C798,C79.8 Other specified operations on vitreous body
446548003,C749,C74.9 Unspecified other extraction of lens
172386004,X653,X65.3 Delivery of a fraction of interstitial radiotherapy
231773003,C842,C84.2 Excision of lesion of retina NEC
231559005,C861,C86.1 Biopsy of lesion of eye NEC
446490007,C712,C71.2 Phacoemulsification of lens
6486000,C578,C57.8 Other specified other operations on sclera
25316003,C454,C45.4 Cryotherapy to lesion of cornea
61779007,C409,C40.9 Unspecified repair of conjunctiva
47470009,C578,C57.8 Other specified other operations on sclera
75170007,C742,C74.2 Discission of cataract
231737005,X653,X65.3 Delivery of a fraction of interstitial radiotherapy
386608003,C624,C62.4 Correction iridodialysis NEC
446279000,C398,C39.8 Other specified extirpation of lesion of conjunctiva
60656008,C461,C46.1 Refractive keratoplasty
60177007,C795,C79.5 Internal tamponade of retina using gas
773335005,Y354,Y35.4 Introduction of radioactive substance into organ for brachytherapy NOC
40485001,C465,C46.5 Deep lamellar graft to cornea
373357006,Y067,Y06.7 Radiofrequency excision of lesion of organ NOC
90854001,C651,C65.1 Needling of bleb
37958004,Y291,Y29.1 Surgical removal of foreign body from organ NOC
447304001,C751,C75.1 Insertion of prosthetic replacement for lens NEC
359851005,Y067,Y06.7 Radiofrequency excision of lesion of organ NOC
231759007,C821,C82.1 Cauterisation of lesion of retina
231744001,C712,C71.2 Phacoemulsification of lens
172571009,C801,C80.1 Peel of epiretinal fibroglial membrane
373357006,Y063,Y06.3 Enucleation of lesion of organ NOC
112962008,C478,C47.8 Other specified closure of cornea
360411008,C738,C73.8 Other specified incision of capsule of lens
427402009,C792,C79.2 Vitrectomy using pars plana approach
15915007,C888,C88.8 Other specified destruction of subretinal lesion
8920006,C544,C54.4 Buckling of sclera and local or encircling explant HFQ
413572007,C498,C49.8 Other specified incision of cornea
42910002,C848,C84.8 Other specified other operations on retina
21491001,C678,C67.8 Other specified other operations on ciliary body
439751005,C605,C60.5 Insertion of tube into anterior chamber of eye to assist drainage of aqueous humour
63506005,Z194,Z19.4 Choroid
76135002,C403,C40.3 Sliding graft to conjunctiva
397994004,C038,C03.8 Other specified insertion of prosthesis of eye
397574004,C812,C81.2 Laser photocoagulation of retina for detachment
397800002,C032,C03.2 Insertion of prosthetic replacement for eyeball
231780001,C793,C79.3 Injection of vitreous substitute into vitreous body NEC
445944001,Y111,Y11.1 Cauterisation of organ NOC
87021001,C795,C79.5 Internal tamponade of retina using gas
65812008,C734,C73.4 Capsulotomy of lens NEC
13793006,C711,C71.1 Simple linear extraction of lens
26786002,C542,C54.2 Imbrication of sclera
43582002,C795,C79.5 Internal tamponade of retina using gas
415282007,C718,C71.8 Other specified extracapsular extraction of lens
82382005,C796,C79.6 Internal tamponade of retina using liquid
47130006,C404,C40.4 Prosthetic replacement of conjunctiva
85785001,C751,C75.1 Insertion of prosthetic replacement for lens NEC
446548003,C712,C71.2 Phacoemulsification of lens
231775005,C829,C82.9 Unspecified destruction of lesion of retina
204542000,C559,C55.9 Unspecified incision of sclera
398031005,C012,C01.2 Enucleation of eye
47130006,C408,C40.8 Other specified repair of conjunctiva
19731001,Y985,Y98.5 Radiology of > 4 body areas (or > 40 minutes)
444247007,C882,C88.2 Photodynamic therapy to subretinal lesion
310662003,C826,C82.6 Laser photocoagulation to lesion of retina NEC
427952005,C825,C82.5 Panretinal laser photocoagulation to lesion of retina
231730007,C604,C60.4 Iridoplasty NEC
763097008,C862,C86.2 Repair of globe
8561003,C698,C69.8 Other specified other operations on anterior chamber of eye
33481008,C743,C74.3 Mechanical lensectomy
172565003,C882,C88.2 Photodynamic therapy to subretinal lesion
172384001,C393,C39.3 Cryotherapy to lesion of conjunctiva
120117001,Y269,Y26.9 Unspecified other repair of organ NOC
112960000,C401,C40.1 Mucosal graft to conjunctiva
70107009,Y264,Y26.4 Removal of other repair material from organ NOC
359851005,Y063,Y06.3 Enucleation of lesion of organ NOC
22623003,C466,C46.6 Amniotic membrane graft to cornea
231724007,C592,C59.2 Surgical iridectomy
7663009,C862,C86.2 Repair of globe
17606004,C529,C52.9 Unspecified excision of sclera
172571009,C841,C84.1 Epiretinal dissection
74220006,C796,C79.6 Internal tamponade of retina using liquid
33412005,C513,C51.3 Exploration of cornea
108150009,C918,C91.8 Other specified operations on anterior segment of eye
53528007,C394,C39.4 Curettage of lesion of conjunctiva
82819003,Y429,Y42.9 Unspecified manipulation of organ NOC
65812008,C723,C72.3 Cryoextraction of lens
1156643002,C812,C81.2 Laser photocoagulation of retina for detachment
359851005,Y062,Y06.2 Deroofing of cyst of organ NOC
57103007,C821,C82.1 Cauterisation of lesion of retina
75227000,C728,C72.8 Other specified intracapsular extraction of lens
70107009,C778,C77.8 Other specified other operations on lens
8920006,C543,C54.3 Buckling of sclera and implant HFQ
252803002,C518,C51.8 Other specified other operations on cornea
417587001,C875,C87.5 Scanning laser ophthalmoscopy evaluation of retina
36812006,C592,C59.2 Surgical iridectomy
231728005,C648,C64.8 Other specified other operations on iris
9754005,C408,C40.8 Other specified repair of conjunctiva
37958004,C558,C55.8 Other specified incision of sclera
10807008,C573,C57.3 Graft to sclera
34854007,C659,C65.9 Unspecified operations following glaucoma surgery
172525002,C751,C75.1 Insertion of prosthetic replacement for lens NEC
360411008,C733,C73.3 Capsulotomy of posterior lens capsule
427952005,C812,C81.2 Laser photocoagulation of retina for detachment
75227000,C723,C72.3 Cryoextraction of lens
172532006,C739,C73.9 Unspecified incision of capsule of lens
172399001,C432,C43.2 Biopsy of lesion of conjunctiva
447304001,C712,C71.2 Phacoemulsification of lens
446565007,Z192,Z19.2 Vitreous body
37741003,Y069,Y06.9 Unspecified excision of lesion of organ NOC
30946002,C544,C54.4 Buckling of sclera and local or encircling explant HFQ
35009002,C823,C82.3 External beam radiotherapy to lesion of retina
6486000,Y133,Y13.3 Curettage of lesion of organ NOC
33412005,C511,C51.1 Biopsy of lesion of cornea
83202004,Y265,Y26.5 Other attention to repair of organ NOC
70107009,Y265,Y26.5 Other attention to repair of organ NOC
18551005,Y301,Y30.1 Incision of lesion of organ NOC
408763006,C651,C65.1 Needling of bleb
75227000,C748,C74.8 Other specified other extraction of lens
77184003,C438,C43.8 Other specified other operations on conjunctiva
172410004,C457,C45.7 Debridement of lesion of cornea
450698009,C853,C85.3 Retinopexy using mechanical tacks
47242009,C698,C69.8 Other specified other operations on anterior chamber of eye
450698009,C842,C84.2 Excision of lesion of retina NEC
44592003,C518,C51.8 Other specified other operations on cornea
15915007,C881,C88.1 Transpupillary thermotherapy to subretinal lesion
415282007,C751,C75.1 Insertion of prosthetic replacement for lens NEC
62178009,Y131,Y13.1 Cauterisation of lesion of organ NOC
15912005,C392,C39.2 Cauterisation of lesion of conjunctiva
231748003,C739,C73.9 Unspecified incision of capsule of lens
86948006,C822,C82.2 Cryotherapy to lesion of retina
439269000,Z181,Z18.1 Conjunctiva
19731001,Y981,Y98.1 Radiology of one body area (or < 20 minutes)
413955007,C521,C52.1 Deep sclerectomy with spacer
443891005,C224,C22.4 Injection into eyelid
24670001,C437,C43.7 Transplantation of conjunctiva
34854007,C658,C65.8 Other specified operations following glaucoma surgery
413180006,C821,C82.1 Cauterisation of lesion of retina
398031005,C032,C03.2 Insertion of prosthetic replacement for eyeball
314117007,C601,C60.1 Trabeculectomy
446490007,C719,C71.9 Unspecified extracapsular extraction of lens
41480002,C661,C66.1 Excision of ciliary body
172508004,C664,C66.4 Laser photocoagulation of ciliary body
447304001,C711,C71.1 Simple linear extraction of lens
108143005,C518,C51.8 Other specified other operations on cornea
312713003,C819,C81.9 Unspecified photocoagulation of retina for detachment
51811007,C191,C19.1 Drainage of lesion of eyelid
172508004,C663,C66.3 Cryotherapy to ciliary body
75792002,Y014,Y01.4 Alloreplacement of organ from cadaver heart beating NOC
31230008,C818,C81.8 Other specified photocoagulation of retina for detachment
313275006,C498,C49.8 Other specified incision of cornea
1186897008,Y763,Y76.3 Endoscopic approach to other body cavity
63506005,X654,X65.4 Delivery of a fraction of external beam radiotherapy NEC
172386004,C395,C39.5 Radiotherapy to lesion of conjunctiva
81924001,C881,C88.1 Transpupillary thermotherapy to subretinal lesion
120125004,Y262,Y26.2 Plastic repair of organ NOC
3605001,C663,C66.3 Cryotherapy to ciliary body
49288009,C694,C69.4 Irrigation of anterior chamber of eye
70107009,Y261,Y26.1 Reconstruction of organ NOC
4323007,C534,C53.4 Destruction of lesion of sclera NEC
700070005,C873,C87.3 Tomography evaluation of retina
418170009,Y088,Y08.8 Other specified laser therapy to organ NOC
359851005,C518,C51.8 Other specified other operations on cornea
47242009,Y064,Y06.4 Excision of scar tissue NOC
447429008,C918,C91.8 Other specified operations on anterior segment of eye
22623003,C461,C46.1 Refractive keratoplasty
231747008,Y086,Y08.6 Laser incision of organ NOC
76824005,C409,C40.9 Unspecified repair of conjunctiva
76135002,C401,C40.1 Mucosal graft to conjunctiva
203644001,C551,C55.1 Drainage of lesion of sclera
447304001,C719,C71.9 Unspecified extracapsular extraction of lens
84551008,C545,C54.5 Buckling of sclera NEC
360411008,C731,C73.1 Membranectomy of lens
172415009,C466,C46.6 Amniotic membrane graft to cornea
231773003,C805,C80.5 Removal of subretinal vascular membrane
9555008,C191,C19.1 Drainage of lesion of eyelid
397539000,C819,C81.9 Unspecified photocoagulation of retina for detachment
6005008,Y013,Y01.3 Xenoreplacement of organ NOC
415281000,C713,C71.3 Aspiration of lens
75732000,C795,C79.5 Internal tamponade of retina using gas
773335005,C792,C79.2 Vitrectomy using pars plana approach
38616001,Y111,Y11.1 Cauterisation of organ NOC
108148001,C918,C91.8 Other specified operations on anterior segment of eye
8920006,Y269,Y26.9 Unspecified other repair of organ NOC
450698009,C545,C54.5 Buckling of sclera NEC
4516005,C608,C60.8 Other specified filtering operations on iris
427478009,C872,C87.2 Indocyanine angiography evaluation of retina
60656008,C469,C46.9 Unspecified plastic operations on cornea
74184007,Y086,Y08.6 Laser incision of organ NOC
108148001,Y059,Y05.9 Unspecified excision of organ NOC
82382005,C795,C79.5 Internal tamponade of retina using gas
310662003,C823,C82.3 External beam radiotherapy to lesion of retina
418170009,Y081,Y08.1 Laser excision of organ NOC
74184007,C733,C73.3 Capsulotomy of posterior lens capsule
84072001,C438,C43.8 Other specified other operations on conjunctiva
12868007,C918,C91.8 Other specified operations on anterior segment of eye
445023004,C481,C48.1 Surgical removal of foreign body from cornea
172508004,C665,C66.5 Destruction of ciliary body NEC
108143005,Y052,Y05.2 Partial excision of organ NOC
120127007,Y013,Y01.3 Xenoreplacement of organ NOC
1019009,C518,C51.8 Other specified other operations on cornea
75792002,Y012,Y01.2 Alloreplacement of organ NOC
25444001,C848,C84.8 Other specified other operations on retina
43582002,C791,C79.1 Vitrectomy using anterior approach
75227000,C731,C73.1 Membranectomy of lens
42910002,Y319,Y31.9 Unspecified exploration of organ NOC
312706003,Y299,Y29.9 Unspecified removal of foreign body from organ NOC
45102007,Y263,Y26.3 Stapling of organ NOC
4581005,C604,C60.4 Iridoplasty NEC
428435002,C851,C85.1 Retinopexy using cryotherapy
38616001,C533,C53.3 Cauterisation of lesion of sclera
172386004,X654,X65.4 Delivery of a fraction of external beam radiotherapy NEC
373357006,Y066,Y06.6 Vacuum excision of lesion of organ NOC
35009002,C881,C88.1 Transpupillary thermotherapy to subretinal lesion
708857001,C614,C61.4 Goniopuncture
231762005,C819,C81.9 Unspecified photocoagulation of retina for detachment
450698009,C831,C83.1 Pigment epithelium translocation of retina
47130006,C409,C40.9 Unspecified repair of conjunctiva
16511003,C451,C45.1 Superficial keratectomy
62178009,C643,C64.3 Destruction of lesion of iris
413651001,C461,C46.1 Refractive keratoplasty
75396001,C405,C40.5 Suture of conjunctiva
62935003,C493,C49.3 Radial keratotomy
75227000,C711,C71.1 Simple linear extraction of lens
386607008,C624,C62.4 Correction iridodialysis NEC
79107000,C545,C54.5 Buckling of sclera NEC
231760002,C889,C88.9 Unspecified destruction of subretinal lesion
19320007,Y138,Y13.8 Other specified other destruction of lesion of organ NOC
85145001,C488,C48.8 Other specified removal of foreign body from cornea
82643002,C405,C40.5 Suture of conjunctiva
312713003,C811,C81.1 Xenon photocoagulation of retina for detachment
363255004,C692,C69.2 Paracentesis of anterior chamber of eye
231752003,C752,C75.2 Revision of prosthetic replacement for lens
42156009,C551,C55.1 Drainage of lesion of sclera
76824005,C401,C40.1 Mucosal graft to conjunctiva
120127007,Y011,Y01.1 Autoreplacement of organ NOC
29137007,C545,C54.5 Buckling of sclera NEC
45031008,Y171,Y17.1 Electrocauterisation of lesion of organ NOC
65812008,C731,C73.1 Membranectomy of lens
418170009,C612,C61.2 Trabeculotomy
120086003,C013,C01.3 Evisceration of eye
231744001,C742,C74.2 Discission of cataract
82027008,C602,C60.2 Inclusion of iris
44291006,C228,C22.8 Other specified other operations on eyelid
66359001,C776,C77.6 Insertion of capsule tension ring
4323007,C531,C53.1 Punch resection of sclera
22623003,C467,C46.7 Transplant of corneal limbal cells
19740002,C751,C75.1 Insertion of prosthetic replacement for lens NEC
80632003,C792,C79.2 Vitrectomy using pars plana approach
65812008,C749,C74.9 Unspecified other extraction of lens
63506005,X656,X65.6 Delivery of a fraction of intraluminal brachytherapy
47242009,Y069,Y06.9 Unspecified excision of lesion of organ NOC
47130006,C401,C40.1 Mucosal graft to conjunctiva
231777002,C798,C79.8 Other specified operations on vitreous body
447219003,C822,C82.2 Cryotherapy to lesion of retina
427326007,C812,C81.2 Laser photocoagulation of retina for detachment
265297009,C881,C88.1 Transpupillary thermotherapy to subretinal lesion
40485001,C466,C46.6 Amniotic membrane graft to cornea
172460005,C559,C55.9 Unspecified incision of sclera
172499002,C646,C64.6 Stretching of iris
75903006,C881,C88.1 Transpupillary thermotherapy to subretinal lesion
386608003,C629,C62.9 Unspecified incision of iris
310662003,C889,C88.9 Unspecified destruction of subretinal lesion
310662003,C824,C82.4 Plaque radiotherapy to lesion of retina
120125004,Y268,Y26.8 Other specified other repair of organ NOC
29747000,C013,C01.3 Evisceration of eye
7898005,C888,C88.8 Other specified destruction of subretinal lesion
399867007,C826,C82.6 Laser photocoagulation to lesion of retina NEC
231741009,C698,C69.8 Other specified other operations on anterior chamber of eye
75792002,Y013,Y01.3 Xenoreplacement of organ NOC
446507001,Y069,Y06.9 Unspecified excision of lesion of organ NOC
300015002,C842,C84.2 Excision of lesion of retina NEC
40997008,Y021,Y02.1 Implantation of prosthesis into organ NOC
25444001,Y111,Y11.1 Cauterisation of organ NOC
252830007,C516,C51.6 Topography evaluation of cornea
11912002,C398,C39.8 Other specified extirpation of lesion of conjunctiva
35552007,C478,C47.8 Other specified closure of cornea
880071007,C228,C22.8 Other specified other operations on eyelid
65812008,C741,C74.1 Curettage of lens
231773003,C803,C80.3 Delamination of epiretinal fibrovascular membrane
172571009,C808,C80.8 Other specified operations on retinal membrane
428560004,C854,C85.4 Retinopexy using tissue adhesive
75396001,C401,C40.1 Mucosal graft to conjunctiva
6486000,C534,C53.4 Destruction of lesion of sclera NEC
65812008,C728,C72.8 Other specified intracapsular extraction of lens
21608006,C643,C64.3 Destruction of lesion of iris
23379002,Y308,Y30.8 Other specified incision of organ NOC
68999001,Y111,Y11.1 Cauterisation of organ NOC
231744001,C728,C72.8 Other specified intracapsular extraction of lens
446548003,C741,C74.1 Curettage of lens
446548003,C723,C72.3 Cryoextraction of lens
3700004,C776,C77.6 Insertion of capsule tension ring
6005008,Y018,Y01.8 Other specified replacement of organ NOC
51683002,C493,C49.3 Radial keratotomy
6005008,Y014,Y01.4 Alloreplacement of organ from cadaver heart beating NOC
75588007,C452,C45.2 Excision of lesion of cornea NEC
108143005,Y055,Y05.5 Debridement of organ NOC
39153002,C409,C40.9 Unspecified repair of conjunctiva
172517004,C691,C69.1 Reformation of anterior chamber of eye
700373001,Y261,Y26.1 Reconstruction of organ NOC
446590009,C754,C75.4 Insertion of prosthetic replacement for lens using suture fixation
58519008,C543,C54.3 Buckling of sclera and implant HFQ
172408001,X657,X65.7 Delivery of radionuclide therapy NEC
44716001,C511,C51.1 Biopsy of lesion of cornea
172565003,C888,C88.8 Other specified destruction of subretinal lesion
65812008,C722,C72.2 Suction extraction of lens
90243001,C821,C82.1 Cauterisation of lesion of retina
427478009,C865,C86.5 Fluorescein angiography of eye
80632003,C795,C79.5 Internal tamponade of retina using gas
43582002,C796,C79.6 Internal tamponade of retina using liquid
446590009,C722,C72.2 Suction extraction of lens
445023004,C774,C77.4 Surgical removal of foreign body from lens
72019009,C796,C79.6 Internal tamponade of retina using liquid
45817009,Y291,Y29.1 Surgical removal of foreign body from organ NOC
386607008,C628,C62.8 Other specified incision of iris
165012008,U418,U41.8 Other specified provocation test
397521009,Y985,Y98.5 Radiology of > 4 body areas (or > 40 minutes)
112960000,Y261,Y26.1 Reconstruction of organ NOC
359948004,Y111,Y11.1 Cauterisation of organ NOC
418121005,C712,C71.2 Phacoemulsification of lens
404629006,C732,C73.2 Capsulotomy of anterior lens capsule
290015004,C403,C40.3 Sliding graft to conjunctiva
11819005,Y981,Y98.1 Radiology of one body area (or < 20 minutes)
446938009,C571,C57.1 Biopsy of lesion of sclera
708857001,Y086,Y08.6 Laser incision of organ NOC
172574001,Y033,Y03.3 Correction of displacement of prosthesis NOC
45102007,Y265,Y26.5 Other attention to repair of organ NOC
231716002,C471,C47.1 Suture of cornea
41515001,C882,C88.2 Photodynamic therapy to subretinal lesion
22623003,C464,C46.4 Insertion of prosthesis into cornea
172523009,C722,C72.2 Suction extraction of lens
10529001,C408,C40.8 Other specified repair of conjunctiva
172524003,C751,C75.1 Insertion of prosthetic replacement for lens NEC
447429008,Y069,Y06.9 Unspecified excision of lesion of organ NOC
446590009,C729,C72.9 Unspecified intracapsular extraction of lens
359948004,C578,C57.8 Other specified other operations on sclera
75903006,C888,C88.8 Other specified destruction of subretinal lesion
62935003,C499,C49.9 Unspecified incision of cornea
3605001,C664,C66.4 Laser photocoagulation of ciliary body
65812008,C738,C73.8 Other specified incision of capsule of lens
312706003,C798,C79.8 Other specified operations on vitreous body
397110008,C452,C45.2 Excision of lesion of cornea NEC
66542005,C748,C74.8 Other specified other extraction of lens
34854007,C651,C65.1 Needling of bleb
231773003,C841,C84.1 Epiretinal dissection
231744001,C721,C72.1 Forceps extraction of lens
45102007,Y262,Y26.2 Plastic repair of organ NOC
15915007,C889,C88.9 Unspecified destruction of subretinal lesion
172407006,C453,C45.3 Cauterisation of lesion of cornea
3605001,C662,C66.2 Cauterisation of ciliary body
63506005,X653,X65.3 Delivery of a fraction of interstitial radiotherapy
388289006,C124,C12.4 Curettage of lesion of eyelid
15366008,C661,C66.1 Excision of ciliary body
427478009,C866,C86.6 Examination of eye under anaesthetic
65812008,C732,C73.2 Capsulotomy of anterior lens capsule
172437002,C513,C51.3 Exploration of cornea
120127007,Y019,Y01.9 Unspecified replacement of organ NOC
75227000,C734,C73.4 Capsulotomy of lens NEC
231778007,C794,C79.4 Injection into vitreous body NEC
773335005,Z193,Z19.3 Retina
120127007,Y016,Y01.6 Alloreplacement of organ from cadaver NOC
397539000,C812,C81.2 Laser photocoagulation of retina for detachment
15915007,C812,C81.2 Laser photocoagulation of retina for detachment
83202004,Y261,Y26.1 Reconstruction of organ NOC
231744001,C751,C75.1 Insertion of prosthetic replacement for lens NEC
26786002,C545,C54.5 Buckling of sclera NEC
773335005,X652,X65.2 Delivery of a fraction of intracavitary radiotherapy
15915007,C826,C82.6 Laser photocoagulation to lesion of retina NEC
8920006,C844,C84.4 Retinal vascular sheathotomy
65839000,Y971,Y97.1 Radiology with pre and post contrast
65839000,Y983,Y98.3 Radiology of three body areas (or 20-40 minutes)
231760002,C882,C88.2 Photodynamic therapy to subretinal lesion
265297009,C882,C88.2 Photodynamic therapy to subretinal lesion
72019009,C795,C79.5 Internal tamponade of retina using gas
72713004,C418,C41.8 Other specified incision of conjunctiva
60656008,C462,C46.2 Lamellar graft to cornea NEC
397521009,Z198,Z19.8 Specified part of eye NEC
172415009,C462,C46.2 Lamellar graft to cornea NEC
108143005,Y059,Y05.9 Unspecified excision of organ NOC
425942005,C474,C47.4 Gluing of cornea
15912005,C399,C39.9 Unspecified extirpation of lesion of conjunctiva
82736000,C612,C61.2 Trabeculotomy
172571009,C809,C80.9 Unspecified operations on retinal membrane
21491001,Y291,Y29.1 Surgical removal of foreign body from organ NOC
397800002,C031,C03.1 Insertion of prosthetic replacement for orbit
50518004,C798,C79.8 Other specified operations on vitreous body
193845004,C391,C39.1 Excision of lesion of conjunctiva
65812008,C713,C71.3 Aspiration of lens
359851005,Y064,Y06.4 Excision of scar tissue NOC
108150009,Y418,Y41.8 Other specified examination of organ NOC
54513001,U418,U41.8 Other specified provocation test
736531000,C479,C47.9 Unspecified closure of cornea
446938009,C373,C37.3 Biopsy of lesion of muscle of eye
231762005,C818,C81.8 Other specified photocoagulation of retina for detachment
172460005,C551,C55.1 Drainage of lesion of sclera
60656008,C468,C46.8 Other specified plastic operations on cornea
172415009,C464,C46.4 Insertion of prosthesis into cornea
252833009,C518,C51.8 Other specified other operations on cornea
70796002,C462,C46.2 Lamellar graft to cornea NEC
75396001,C402,C40.2 Amniotic graft to conjunctiva
29747000,C038,C03.8 Other specified insertion of prosthesis of eye
172408001,X653,X65.3 Delivery of a fraction of interstitial radiotherapy
27695006,C398,C39.8 Other specified extirpation of lesion of conjunctiva
34854007,C655,C65.5 Laser suture lysis following glaucoma surgery
13303004,C552,C55.2 Corneoscleral trephine
120127007,Y018,Y01.8 Other specified replacement of organ NOC
293820001,C465,C46.5 Deep lamellar graft to cornea
19731001,U216,U21.6 Ultrasound scan NEC
231754002,C798,C79.8 Other specified operations on vitreous body
426580006,C797,C79.7 Removal of internal tamponade agent from vitreous body
15912005,C394,C39.4 Curettage of lesion of conjunctiva
75903006,C821,C82.1 Cauterisation of lesion of retina
426880003,A845,A84.5 Electroretinography NEC
359577008,C614,C61.4 Goniopuncture
447479006,C918,C91.8 Other specified operations on anterior segment of eye
51839008,C711,C71.1 Simple linear extraction of lens
359851005,Y065,Y06.5 Gamma wave excision of lesion of organ NOC
398874009,C818,C81.8 Other specified photocoagulation of retina for detachment
62935003,C492,C49.2 Trephine of cornea
89176003,C543,C54.3 Buckling of sclera and implant HFQ
439490005,Y022,Y02.2 Insertion of prosthesis into organ NOC
2914003,C553,C55.3 Drainage of subretinal fluid through sclera
397560006,C518,C51.8 Other specified other operations on cornea
25302008,C644,C64.4 Biopsy of lesion of iris
172386004,X652,X65.2 Delivery of a fraction of intracavitary radiotherapy
8920006,C811,C81.1 Xenon photocoagulation of retina for detachment
112970003,Y138,Y13.8 Other specified other destruction of lesion of organ NOC
8920006,C546,C54.6 Removal of implant or explant from sclera
397574004,C821,C82.1 Cauterisation of lesion of retina
427326007,C852,C85.2 Retinopexy using diathermy
22623003,C442,C44.2 Laser in situ keratomileusis
447304001,C713,C71.3 Aspiration of lens
312706003,Y298,Y29.8 Other specified removal of foreign body from organ NOC
879785009,C648,C64.8 Other specified other operations on iris
445944001,C798,C79.8 Other specified operations on vitreous body
418170009,Y083,Y08.3 Laser destruction of organ NOC
404637003,C604,C60.4 Iridoplasty NEC
397800002,C012,C01.2 Enucleation of eye
22623003,C443,C44.3 Endothelial graft to cornea
78191003,C731,C73.1 Membranectomy of lens
231737005,Z198,Z19.8 Specified part of eye NEC
8255002,Y259,Y25.9 Unspecified suture of organ NOC
231744001,C601,C60.1 Trabeculectomy
82027008,C605,C60.5 Insertion of tube into anterior chamber of eye to assist drainage of aqueous humour
33095001,C452,C45.2 Excision of lesion of cornea NEC
231744001,C749,C74.9 Unspecified other extraction of lens
8920006,C849,C84.9 Unspecified other operations on retina
231762005,C811,C81.1 Xenon photocoagulation of retina for detachment
76824005,C408,C40.8 Other specified repair of conjunctiva
446862000,C751,C75.1 Insertion of prosthetic replacement for lens NEC
450698009,C828,C82.8 Other specified destruction of lesion of retina
314233004,C464,C46.4 Insertion of prosthesis into cornea
425816006,C866,C86.6 Examination of eye under anaesthetic
446565007,C792,C79.2 Vitrectomy using pars plana approach
172415009,C443,C44.3 Endothelial graft to cornea
120127007,Y012,Y01.2 Alloreplacement of organ NOC
31944008,C453,C45.3 Cauterisation of lesion of cornea
203644001,C558,C55.8 Other specified incision of sclera
446548003,C601,C60.1 Trabeculectomy
35137007,C664,C66.4 Laser photocoagulation of ciliary body
427326007,C853,C85.3 Retinopexy using mechanical tacks
287242008,C898,C89.8 Other specified operations on posterior segment of eye
3664004,C572,C57.2 Repair of sclera
76824005,C403,C40.3 Sliding graft to conjunctiva
231704008,C451,C45.1 Superficial keratectomy
40997008,C528,C52.8 Other specified excision of sclera
300016001,C842,C84.2 Excision of lesion of retina NEC
360411008,Y086,Y08.6 Laser incision of organ NOC
45102007,Y268,Y26.8 Other specified other repair of organ NOC
172497000,C644,C64.4 Biopsy of lesion of iris
75734004,Y291,Y29.1 Surgical removal of foreign body from organ NOC
74184007,C751,C75.1 Insertion of prosthetic replacement for lens NEC
70107009,Y268,Y26.8 Other specified other repair of organ NOC
85785001,Y086,Y08.6 Laser incision of organ NOC
113113000,Y971,Y97.1 Radiology with pre and post contrast
34854007,C654,C65.4 Removal of releasable suture following glaucoma surgery
450698009,C541,C54.1 Overlay scleroplasty
81177005,C848,C84.8 Other specified other operations on retina
9754005,C405,C40.5 Suture of conjunctiva
310662003,C888,C88.8 Other specified destruction of subretinal lesion
450698009,C855,C85.5 Retinopexy NEC
310662003,C882,C88.2 Photodynamic therapy to subretinal lesion
41515001,C821,C82.1 Cauterisation of lesion of retina
312705004,Y292,Y29.2 Manipulative removal of foreign body from organ NOC
231775005,C828,C82.8 Other specified destruction of lesion of retina
65812008,C733,C73.3 Capsulotomy of posterior lens capsule
80632003,C796,C79.6 Internal tamponade of retina using liquid
41515001,C888,C88.8 Other specified destruction of subretinal lesion
172525002,C647,C64.7 Insertion of iris hooks
172508004,C661,C66.1 Excision of ciliary body
785831002,C468,C46.8 Other specified plastic operations on cornea
231703002,C418,C41.8 Other specified incision of conjunctiva
265297009,C888,C88.8 Other specified destruction of subretinal lesion
49181006,C694,C69.4 Irrigation of anterior chamber of eye
446548003,C728,C72.8 Other specified intracapsular extraction of lens
172542008,C515,C51.5 Placement of therapeutic contact lens on to cornea
359851005,Y066,Y06.6 Vacuum excision of lesion of organ NOC
108143005,Y051,Y05.1 Total excision of organ NOC
29911008,C643,C64.3 Destruction of lesion of iris
42161006,C498,C49.8 Other specified incision of cornea
312705004,Y291,Y29.1 Surgical removal of foreign body from organ NOC
425816006,C865,C86.5 Fluorescein angiography of eye
359851005,Y068,Y06.8 Other specified excision of lesion of organ NOC
418170009,Y086,Y08.6 Laser incision of organ NOC
231744001,C748,C74.8 Other specified other extraction of lens
3605001,C668,C66.8 Other specified extirpation of ciliary body
310441008,C544,C54.4 Buckling of sclera and local or encircling explant HFQ
274336008,C773,C77.3 Biopsy of lesion of lens
46718002,Y171,Y17.1 Electrocauterisation of lesion of organ NOC
75227000,C733,C73.3 Capsulotomy of posterior lens capsule
172415009,C467,C46.7 Transplant of corneal limbal cells
446862000,C721,C72.1 Forceps extraction of lens
36812006,C598,C59.8 Other specified excision of iris
427478009,C879,C87.9 Unspecified evaluation of retina
231762005,C826,C82.6 Laser photocoagulation to lesion of retina NEC
3605001,C661,C66.1 Excision of ciliary body
415170005,C718,C71.8 Other specified extracapsular extraction of lens
398874009,C821,C82.1 Cauterisation of lesion of retina
7898005,C882,C88.2 Photodynamic therapy to subretinal lesion
60177007,C796,C79.6 Internal tamponade of retina using liquid
231737005,X659,X65.9 Unspecified radiotherapy delivery
363115007,Y328,Y32.8 Other specified re-exploration of organ NOC
86948006,C823,C82.3 External beam radiotherapy to lesion of retina
8891002,C791,C79.1 Vitrectomy using anterior approach
172555009,C796,C79.6 Internal tamponade of retina using liquid
81924001,C882,C88.2 Photodynamic therapy to subretinal lesion
231773003,C809,C80.9 Unspecified operations on retinal membrane
450698009,C546,C54.6 Removal of implant or explant from sclera
373358001,C863,C86.3 Suture of eye NEC
77950003,C881,C88.1 Transpupillary thermotherapy to subretinal lesion
426580006,C794,C79.4 Injection into vitreous body NEC
22768003,Y255,Y25.5 Other attention to suture of organ NOC
386608003,C628,C62.8 Other specified incision of iris
50538003,C751,C75.1 Insertion of prosthetic replacement for lens NEC
172460005,C552,C55.2 Corneoscleral trephine
312707007,Y299,Y29.9 Unspecified removal of foreign body from organ NOC
75227000,C738,C73.8 Other specified incision of capsule of lens
231760002,C888,C88.8 Other specified destruction of subretinal lesion
428822001,C882,C88.2 Photodynamic therapy to subretinal lesion
8920006,C812,C81.2 Laser photocoagulation of retina for detachment
259222004,C518,C51.8 Other specified other operations on cornea
422103004,C732,C73.2 Capsulotomy of anterior lens capsule
75227000,C739,C73.9 Unspecified incision of capsule of lens
425806003,C833,C83.3 Limited macular translocation
295001,C678,C67.8 Other specified other operations on ciliary body
231726009,C592,C59.2 Surgical iridectomy
310662003,C881,C88.1 Transpupillary thermotherapy to subretinal lesion
75396001,Y261,Y26.1 Reconstruction of organ NOC
45102007,C868,C86.8 Other specified other operations on eye
39195006,C468,C46.8 Other specified plastic operations on cornea
274336008,C861,C86.1 Biopsy of lesion of eye NEC
75227000,C751,C75.1 Insertion of prosthetic replacement for lens NEC
450698009,C547,C54.7 Maintenance of implant or explant in sclera
120114008,C474,C47.4 Gluing of cornea
12868007,Y713,Y71.3 Revisional operations NOC
59669002,C558,C55.8 Other specified incision of sclera
450698009,C821,C82.1 Cauterisation of lesion of retina
447304001,C754,C75.4 Insertion of prosthetic replacement for lens using suture fixation
70107009,Y262,Y26.2 Plastic repair of organ NOC
447304001,C718,C71.8 Other specified extracapsular extraction of lens
81924001,C821,C82.1 Cauterisation of lesion of retina
76135002,C408,C40.8 Other specified repair of conjunctiva
412733003,C664,C66.4 Laser photocoagulation of ciliary body
62178009,C648,C64.8 Other specified other operations on iris
22768003,Y252,Y25.2 Resuture of organ NOC
120118006,Y261,Y26.1 Reconstruction of organ NOC
82027008,C601,C60.1 Trabeculectomy
26786002,C541,C54.1 Overlay scleroplasty
425797007,C888,C88.8 Other specified destruction of subretinal lesion
40395007,C692,C69.2 Paracentesis of anterior chamber of eye
36783002,C692,C69.2 Paracentesis of anterior chamber of eye
172529008,Y086,Y08.6 Laser incision of organ NOC
120086003,C019,C01.9 Unspecified excision of eye
83202004,Y269,Y26.9 Unspecified other repair of organ NOC
19208002,C742,C74.2 Discission of cataract
700373001,Y262,Y26.2 Plastic repair of organ NOC
46697004,C191,C19.1 Drainage of lesion of eyelid
120114008,C478,C47.8 Other specified closure of cornea
312705004,Y299,Y29.9 Unspecified removal of foreign body from organ NOC
47487006,C642,C64.2 Excision of lesion of iris
80000004,C518,C51.8 Other specified other operations on cornea
416100002,C668,C66.8 Other specified extirpation of ciliary body
265295001,C647,C64.7 Insertion of iris hooks
40485001,C443,C44.3 Endothelial graft to cornea
172408001,C455,C45.5 Radiotherapy to lesion of cornea
47242009,Y063,Y06.3 Enucleation of lesion of organ NOC
399867007,C825,C82.5 Panretinal laser photocoagulation to lesion of retina
450698009,Y269,Y26.9 Unspecified other repair of organ NOC
75227000,C721,C72.1 Forceps extraction of lens
446490007,C711,C71.1 Simple linear extraction of lens
172586003,C821,C82.1 Cauterisation of lesion of retina
359577008,C613,C61.3 Goniotomy
35009002,C824,C82.4 Plaque radiotherapy to lesion of retina
30113009,Y291,Y29.1 Surgical removal of foreign body from organ NOC
33412005,C514,C51.4 Tattooing of cornea
65812008,C718,C71.8 Other specified extracapsular extraction of lens
75227000,C722,C72.2 Suction extraction of lens
91552000,Y717,Y71.7 Third or greater revisional operation NOC
13793006,C718,C71.8 Other specified extracapsular extraction of lens
172408001,X659,X65.9 Unspecified radiotherapy delivery
65812008,C748,C74.8 Other specified other extraction of lens
39029006,Z179,Z17.9 Muscle of eye NEC
446590009,C721,C72.1 Forceps extraction of lens
45102007,Y261,Y26.1 Reconstruction of organ NOC
446099001,Y229,Y22.9 Unspecified drainage of organ NOC
120117001,C918,C91.8 Other specified operations on anterior segment of eye
265292003,C613,C61.3 Goniotomy
415745004,C498,C49.8 Other specified incision of cornea
120125004,Y263,Y26.3 Stapling of organ NOC
83202004,C678,C67.8 Other specified other operations on ciliary body
47242009,Y065,Y06.5 Gamma wave excision of lesion of organ NOC
112960000,C402,C40.2 Amniotic graft to conjunctiva
54085006,Y291,Y29.1 Surgical removal of foreign body from organ NOC
13303004,C553,C55.3 Drainage of subretinal fluid through sclera
65812008,C742,C74.2 Discission of cataract
17868003,C742,C74.2 Discission of cataract
231717006,C558,C55.8 Other specified incision of sclera
172524003,C647,C64.7 Insertion of iris hooks
397800002,C039,C03.9 Unspecified insertion of prosthesis of eye
62935003,C491,C49.1 Section of cornea
4323007,C539,C53.9 Unspecified extirpation of lesion of sclera
172523009,C729,C72.9 Unspecified intracapsular extraction of lens
293820001,C463,C46.3 Penetrating graft to cornea
303636000,C432,C43.2 Biopsy of lesion of conjunctiva
314117007,Y713,Y71.3 Revisional operations NOC
